Sequence,Label
NMTINQTIWNHGNITLGEWY,0
WMEWDREINNYTSLIHSLIEESQNQQEKNEQELLELDKWASLWNWFRS,1
RRGRIGRNPSQVGD,2
SFKEELDKYFKNHTSPDVDLGDISGINASVVNIQKEIDRLNE,7
SWLRDLWDWLCELLSDFK,2
FAVNPGLLETSEGCRAAA,1
TWQEWERKVDFLEENITALLEEAQIQQEKNMYELQ,1
YLDRVDTWLQGKINISLCLT,0
SWKSMAKKLKEYMEKLKQRA,1
TTWEAWDRAIAEYAARIEALIRAAQEQQEKNEAALREL,1
YAGAVVNDL,4
DLADQLIHLYYFDCF,1
ISGINASVVNIQEEIKKLNEEAKKLNESLIDLQEL,7
INASVVNIQKEIDRLNEVAKNLNESLIDLQELGK,7
GLFGVLAKVAAHVVPAIAEHF,1
FDEMEECSQHLPYA,2
TPDKKHQKEPPFLWMGYELH,1
AKLEVVAATYKKKK,2
LLDCWVRLGRYLLRRLKTPFTRL,2
MDVNPCLLFLKVPAQ,5
TGEKVWDRGNVTLLCDCP,1
LTEDRWNKPQKTKGH,1
NNTRKSIRIQRGPGRAFVTIGKIG,1
FRKQNPDIVIYQYMD,1
KKKKVVAATYFLV,2
TDIQTKELQKQITKIQNFRV,1
LLGDLLRKSKEKIGKEFKRIVQR,1
YQLLIRMIYANI,1
QAGLAVRPGKSAAQLVGE,1
LITPKKIKPPLPSVT,1
GTKALTEVIPLTAEAEC,1
SWLRDVWDWVCTVLSDFK,2
GTKALTAVIPLTEEAEC,1
SWLRDIWDWICEVLSDFKTW,2
TDVILMCFSIDSPDSLANI,6
KGSPAIFQSSMTKIL,1
TTESIVIWGKTPKFKLPIQK,1
GTKALTEVIALTEEAEC,1
HGQVDCSPGIWQLDCTH,1
WERKVDFLEENITALLEEAQIQQEKNMYELQKLNS,1
PNDITLNNSVALDPIDISIELNKAKSDLEESKEWI,3
GIGKFLHSAKKFGKAFVGEIMNS,2
GIGVTQNVLYENQKQIANQF,7
SWLRDIWDWICEVLSDFKT,2
LLFLKVPAQNAISTTFPYT,5
KKKKVEAATYVLV,2
PPWCCCSPMKRASPPPAQSDLPATPKCPP,5
KWKLFKKIEKVGQNIRDGIIKAGPAVAVVGQATQIAK,1
SWFASTGGRDSKIDVWSLVP,1
DFWEVQLGIPHPAGLKKKKS,1
TRNLLTTPKFTVAWD,4
SPYPSWSTPAGR,1
NNLLRAIEAQQHLLQLTVWGIKQLQARILAVERYLKDQ,1
VVNIQKEIDRLNEVAKNLNESLIDLQELGK,7
NQQEKNEQELLELDKWASLWNWFNITNWLWLIKIFI,1
ACWGAGIKQEF,1
LDCWVRLGRYLLRRLKTP,2
MDVNPWLLFLKVPAQ,5
ARRAWRRARRAARRARRAARR,4
TDVILMAFSIDSPDSLENI,6
QQLLFIHFRIGCQHS,1
ESAIRKAILGHIVSP,1
DLEAVPFVNRTTPFTIRGPL,1
GCKKYRRFRWKFKGKFWFWG,2
QETAYFLLKLAGR,1
SWLRDIWDWICELLSDFK,2
ACWWAGIRQEF,1
DIWDWICEVLSDFK,2
LFGLIPSLIGGLVSAFK,5
IKKEIEAIKKEQEAIKKKIEAIEKEIEAQQHLLQLTVWGIKQLQARILAVERY,1
NYTEGIAVVFKENIA,4
LEAIPCSIPPCVGFGKPFVF,1
SQGVVESMNKELKKIIGQVRDQAEHLKTA,1
MANAGLQLLGFILAFLGWIGAI,2
KQRQNKPPSKPNNDFHFEVFNFVPCSICSNNPTCWAICKRIPNKKPGKK,6
YQLLIRMIY,1
VRLASHLRKLRKRLLRDADDLQKRLAVY,2
ILPWKWPWWPWRR,4
GTKAWTEVWPLC,1
SWLRDIWRWICKVLSRFK,2
CNCTNSSSSYSGTKMACPSNRG,0
RGILRNWYNPFAGLRQSLEQ,0
EEQAKTFLDKFNHEAEDLFYQSSLASWNYNTNITEE,7
ESVKITCARPYQNTRQRTPIGLGQSLYTTRSRSIIGQAHCNIS,1
IHSLIEESQNQQEKNEQELLELDKWASLWNWFNITN,1
CEVLSDFK,2
KKKKVVAATYVLF,2
KKKKVVLPTYVLV,2
AYQPLLSNTLAELYV,4
PGDPDLSDGSWSTVSSGA,2
GWWNQMAYYNSCKWEEAKVK,0
ILMCFSIDSP,6
KGLSGPFFWWLFV,1
ELNKAKSDLEESKEWIRRSNQKLDSIGNWHQSSTT,3
KKKKVVLAFYVLV,2
LRDIKAENTDANFYV,4
EQCREEEDDR,1
IRKVLFLDGIDKAQDEHEKY,1
LEAIPMSIAPEVKFNKPFVF,1
VANDPIDISIELNKAKSDLEESKEWIRRSNQKLDSI,3
RNPNQVGD,2
HPAGLKKKKSVTVLDVGDAY,1
KYKLKHIVWASREL,1
EANTTLLDLTYEMLSLQQVVKALNESYIDLKEL,7
GKTKCTASNKNRGIIKT,6
PRLSHKGPMPF,1
TLVDCIRNCIHKILGYTVIA,0
KKKKVVLATLVLV,2
KWLTEWIPLTAEAEC,1
TKIRDSLHLVKCPTPAIEPP,1
CTCIADHRH,5
YAGAVANDL,4
GSCDGFRVCYMH,4
EINNYTSLIHSLIEESQNQQEKNEQELLELDKWASL,1
GSWFRAISSWKQRNRWEWRPDF,0
FHFEVFNFVPCSICSNNPTCWAICKRIPNKKPGKK,6
EPYNEWTLELLEELK,1
FKLPIQKETWETWWTEYWE,1
WEDWVAWI,0
NNCLLLGTEVSEALGGAGLT,1
PIPKARRPEGRTWAQPGY,2
AAATQAANGGPATPA,4
RRKKLLALLAP,5
AEAMSQVANTATIM,1
GINASVVNIQKEIDRLNEVAKNLNESLIDLQELGK,7
ILMCFSID,6
LIEESQNQQEKNEQELLELDKWASLWNWFNITNWLW,1
VRLASHLRKLRKRLLRDADDLIRLQAEAFQARLKSWFEPLV,2
KKKKVVALTYVLV,2
GIKEWKRIVQRIKDFLRNLV,1
RSISGWILSTYLGRP,1
DCWVRLGRYLLRRLKTPF,2
QAVGWGDPITHWSHGQNQWP,1
ILMCFSIDSPDSLENI,6
EAKQARSDIEKLKEAIRDTNKAVQSVQSSIGNLIV,3
SVALDPIDISIELNKAKSDLEESKEWIRRSNQKL,3
FAVNPGLLETSEAAAQIL,1
PDKSESELVSQIIEQ,1
DEFDASISQVNEKINQSLAFIRKSDELLHNVNAGK,6
PSRVEAFHRYGTTVN,4
IRKAHCNISRAKWND,1
WICEVLSDFK,2
ASWWAGIKQEF,1
ACWWAGIKQEA,1
PALNCYWPLKDYGFYTTSGI,7
GYIEAEVI,1
IDLNITMLEDHEFVP,4
IYWNVSGW,1
KGRGKQGGKVRAKAKTRSS,1
LPLPAPSFHRTT,1
FAIKWEYVLLLFLL,2
GDISGINASVVNIQKEIDRLNEVAKNLNESLIDLQELGKY,7
ALGPAATLEEMMTACQGV,1
LLGGILGIGLGVLLLILCLP,0
RHIDLLVGSATLCSALYV,2
IQKEIDRLNEVAKNLNESLI,7
WVRLGRYLLRRLKTPFTR,2
SKHSSLDCVLRP,5
LLLGTEVSEALGGAGLTG,1
YTSLIHSLIEELQNQQEKNEQELLELDKWASLWNWF,1
SLTHRKFGGSGGSPFSGLSSIAVRSGSYLDAIIIDGVHHGGSGGNLSPTFTFGSGEYISNMTIRSGDYIDNISFETNMGRRFGPYGGSGGSANTLSNVKVIQINGSAGDYLDSLDIYYEQY,1
AICKRIPNKKPGKKT,6
KENKCNGTDAKVKLIKQELDKYKNAVTELQLLMQS,6
ILMCFSIDS,6
SWLDDIWDWICEVLSDFE,2
GRRVSARMLGDVMAV,4
KKKKLLLAFYFFF,2
TTWEAWDRAIAEYAARIEALIRALQEQQEKNEAALREL,1
GTPGVAAATQAANGG,4
GMVTQYHQVLATHQEAIEKV,0
KKKKVVAATYVLE,2
PTKFMLKYDENGTITDAVDC,7
ISIELNKAKSDLEESKEWIRRSNQKLDSIGNWHQ,3
FRFKIKFRLKFRFKARFKFRAKFRA,0
FKLRAKIKVRLRAKIKL,0
LGSSDRDTVVELSEWGVPCV,1
FISAIASMLGKFL,1
KREKKLGEFGKAKGSRAI,2
ELELAENREILK,1
SPQYWTGPA,2
LLDCWVRLGRYLLRRLKTP,2
EEQAKTFLDK,7
GVYYDPSKDLIAEIQKQGQG,1
WQEWEQKITALLEQAQIQQEKNEYELQKLDKWASLWEWF,1
RRKKAAVALLPAVLL,5
QITAAVALVEAKQARSDIEKLKEAIRDTNKAVQSV,3
KDLKVVAATYVKKK,2
VFASLPGIIFTRSQKEGL,1
RCGTGPRLTKDLEAVPFVNR,1
LEAIPMSIPPEAKFNKPFVF,1
YNTPVFAIKKKDSTKWRKLV,1
RRRRRRRRRR,1
GRFKRFRKKFKKLFK,1
DLKGKYVQIP,7
GTKALTEVIPLTC,1
GWFDVVKHIASAV,1
RMKQIEDKIEEIESKQKKIENEIARIKKLLQLTVWGIKQLQARIL,1
KVDFLEENITALLEEAQIQQEKNMYELQKLNSWDV,1
EWDREINNYTSLIHSLIEESQNQQEKNEQELLELDKWASLW,1
ARMLGDVMAVSTCVP,4
DYTEVQRRNQLHDLR,4
DTHTTGGVAGRDTLRFTGFFSFGPKQK,2
AKKAAKKAKKAAKKAKKWAKK,4
VGSASCTIAALGSSDRDTVV,1
DWLRIIWDWVCSVVSDFK,2
VALDPIDISIELNKAKSDLEESKEWIRRSNQKLD,3
LQDSGLEVNIVTDSQYALGI,1
DVKFPGGGQIVGGVYL,2
YTSLIHSLIEESQNQQEKNEQELLELDKWASLANAA,1
AKDEMEECASHLPYEA,2
NFYDPLVFPSDEFDASISQVNEKINQSLASIRKSDELLHNVNAGK,6
KKKKVVAATYLLV,2
WPTNPTTVPVPS,1
FKCRRWQWRMKKLGAPSITCVRRAF,1
LGNWAREIWATL,0
ASLRVRIKK,4
VLDLIYSLHKQINRGLKK,2
KKKKVLAATYVFV,2
TVSTFIDLNITMLED,4
GLASTLTRWAHYNALIRAF,4
MDVNPTLLF,5
GIIDIAKKLFESW,1
SSMTKILEPFRKQNP,1
GWAGWLLSPRGSRPSWGP,2
GTKALTEVIPLAEEAEC,1
NSVALDPIDISIELNKAKSDLEESKEWIRRSNQKL,3
LEAIPMSIPPAVKFNKPFVF,1
EIWATLFKKATRQCRRGRIW,0
YQLLIRMIYKNI,1
SWLRDIWDWKCEVLSDFK,2
GVCRCLCRRGVCRCICRR,4
PNQTCMWNTSQIQDPEIPKC,0
FGCTWMNSTGFTKTC,2
NIAGNWSCTSDLPSSWGYMN,0
VSVIVPDYQCYLDRVDTWLQ,0
SWLRDIWDWIEEVLSDFK,2
GVPCGESCVFIPCITGVIGCSCSSNVCYLN,1
PACQDFLGAMIHLKAKTNISIR,0
GIKQFKRIVQRIKDFLRNLV,1
AEPERRNIKYL,1
IFSAIGGFLKSIF,2
ADLEVVAATYV,2
IQKEIDRLNEVAKNLNESLIDLQELGKYEQYIKWPW,7
TSAQITAAVALVEAKQARSDIEKLKEAIRDTNKAV,3
KTNVTLSKKRKRRFLGF,6
HRMANMMMNWSPTAALV,2
AAVALVEAKQARSDIEKLKEAIRDTNKAVQSVQSS,3
FNKAISQIQESLTTTSTALGKLQDVVNQNAQALNTLVKQL,7
MEWDREINNYTSLIHSLIEESQNQQEKNEQELLELD,1
KKKKVVAAAYVLV,2
PLVEGQLGENNELRL,4
AEAMSQVT,1
TKGPGRVIYATGQ,1
KKKKEVAATYVLV,2
AVKRVGRRLKKLARKIARLGVAF,0
KKKKVVAATYVFV,2
PFRKQNPDIVIYQYM,1
TPKFKLPIQKETWETWWTEY,1
IKKEKVYLAWVPAHK,1
DDSVVCAAMSYSHA,2
TTWEAWDRAIAEYAARIEALIRALQELQEKNEAILREL,1
PTTFMLKYDENGTITDAVDCYQDVNCTDVSTAIHADQLTPQYGSFCTQLNRALSGIAAEQ,7
INLKAIAALAKKLL,1
KIPCGESCVWIPCLTSVFNCKCENKVCYHD,1
ADLEVVAATYKKKK,2
PDVDLGDISGINASVVNIQKEIDRLNEVAKNLNESLIDLQ,7
PRPISYLKGSSGGPL,2
KKKKLLAAFLFFF,2
YQLLIRAIYKNI,1
AKGSRAIWFMWLGARFLE,2
ELVNQIIEQLIKKEKVYLAW,1
PLNNCLLLGTEVSEALGGAG,1
AWVPAHKGIGGNEQ,1
RRHGDEDMFYMHVRG,2
SVALDPIDISIELNKAKSDLEESKEWIRRSNQKLD,3
YQVVKQPDYLLVPEEVMEYK,0
NNETPGIRYQYNVLPQGWKG,1
WKKIRRFVSQVIM,1
LLGDLLRKSKEKIGKEFKRIVQRIKDFLRNLVPRTES,1
WEDWVRWA,0
NPTCWAICKRIPNKK,6
MWKTPTLKYFGGFNFSQIL,7
YPGHITGHRMANMMMNW,2
WNSLKIDNADV,1
GCASRCKAKCAGRRCKGWASAFRGRCYCKCFRC,4
WEDWVRWI,0
NVQGKTGIQQLQKWEDWVRW,0
WASLWNWF,1
MDVNPTLLFLKVP,5
SWLRDIWDWGCEVLSDFK,1
YQDVNCTDVSTAIHADQLTPQYGSFCTQLNRALSGIAAEQ,7
WEDWVRAI,0
LRDIWDWICEVLSDFK,2
YTSLIHSLIEEIQNQQEKNEQELLELDKWASLWNWF,1
NNLETTAFHRDDHET,4
LLSLINDMPITNDQKKL,6
MARHRNWPLVMV,2
GELDELVYLLDGPGYDPIHS,2
LKEAIRDTNKAVQSVQSSIGNLIVAIKSVQDYVNK,3
KKKKVLLPFLFFF,2
RRKKAAVALLPAVLLA,5
NNCLLLGTEVSEALGGAGLTGG,1
RVGRNPNQVGD,2
PSVCTMTKWQEVDEM,4
GLFKVLGSVAKHLLPHVAPIIAEKL,1
KRIVQRIKDFLR,1
GFPCGESCVFIPCISAAIGCSCKNKVCYRN,1
RICRCICGRRICRCICGR,4
QIPLINYTFGPNQTCMWNTS,0
LDCWVRLGRYLLRRLKTPFTRL,2
FLKVPAQNAISTTFPYT,5
PDIVIYQYMDDLYVGSDLEI,1
ILMAFSIDSPDSLEN,6
CRANGSRIPTGERVWDRGNV,1
LFYLVPGPGH,1
AAGAVVNDL,4
TYGDTWAGVEAIIRI,1
PPINNCMPLGTEVSEALGGA,1
VSKVLHLEGEVNKIALLSTNKAVVSLSNGVSVL,6
SIELNKAKSDLEESKEWIRRSNQKLDSI,3
TGDFVYMSPFYGYRE,4
KKKKVVAATYVLKK,2
ALAALITPKKIKPPL,1
YQSTCSAVSKGYLSALR,6
TDVILMCFSIDSPDSAENI,6
KKKKLVLPFLFVF,2
IEESQNQQEKNEQELLELDKWASLWNWFNITNWLWL,1
ADLEVVAATYVDDD,2
YQLLIRMAYKNI,1
PPEPSDLPPGNPVPPPLNYGDPTKLRSPP,5
TSPDVDLGDISGINASVVNIQKEIDRLNEVAKNLNESLIDLQELGKYE,7
KKKKVLAATLVLV,2
VSFAIKWEYVL,2
TTWEAWDRAIAEYAARIEALLRALQEQQEKNEAALREL,1
KKKKLLAPFLFFV,2
LKARTVTFGVVTSVI,1
LAAIPMSIPPEVKFNKPFVF,1
ALNTLVKQLSSNFGAISSVLNDILSRLDKVEAEVQIDRL,7
KKKKLVAATYVFV,2
RRKKAAVALLPAVL,5
SLEQIWNNMTWMQWDK,1
RADITTVSTFIDLNI,4
YYQANGGFLIAYQPL,4
VFPSDEFDASISQVNEKINQSLAFIRKSDELLHNV,6
KKKKVVAPTYVLV,2
TTWEAWDRAIAEYAARIEALIRALQELQEKLEAILREL,1
QNQSANQFQKEISQINEVLTTTNTSLGKLQDDVNQNNQSLNTLQKE,7
GELGRLVYLLDGPGYDPIHCSLAYGDASTLVVF,2
PIDISIELNKAKSDLEESKEWIRRSNQKLDSIGNW,3
DLYVGSDLEIGQHRTKIEEL,1
VSFAIKWEYVLLLF,2
SWLRDLWDWLCEVLSDFK,1
NFYDPLVFPSDEFDASISQVNEKINQSLAFIRKSD,6
GFCRCICTRGFCRCICTR,4
WMEWDREINNYTSLIHSLIEETQNQQEKNEQELL,1
PAIEPPTGTFGFFPGVPP,1
FKLPLGIKITNFRAILTAFL,7
YQLLARMIYKNI,1
NPGLLETSEGCRQILGQLQPSLQT,1
PAFCQAVGWGDPITHWSHGQ,1
SPRGSRPSWGPTDPRRRS,2
KKKKVVAATYVFVA,2
IHAEIKNSLKIDNLDVNRCIEAL,1
GRKKRRQRRR,1
SPAIFQSSMTKILEPFRKQN,1
GFKDLLKGAAKALVKTVLF,1
CYSRPLVSFRYEDQG,4
SCLTVPASAYQVRNSSGL,2
VTDSQYALGIIQAQPDQSES,1
EINCTRPNNNTRKSIRIQRGPGRAFVTIGKIGNMRQAHCNIS,1
TTWEAWDRAIAEYAARIEALIRAAQEQQEKLEAALREL,1
GAWKNFWSSLRKGFYDGEAGRAIRR,1
ALLSTNKAVVSLSNGVSVLTSKVLDLKNYIDKQ,6
YRWRGPTAAFLSLV,4
GIGGVLLSAGKAALKGLAKVLAEKYAN,1
KKKKVVAATYGLV,2
YTSLIHSLIEQSQNQQEKNEQELLELDKWASLWNWF,1
SKEKIGKEFKRIVQRIKDFLR,1
YTSLIHSLIEETQNQQEKNEQELLELDKWASLWNWF,1
ESQNQQEKNEQELLELDKWASLWNWFNITNWLWLIK,1
YKPRRKRAAIHVMLALATVLSI,0
GSASCTIAALGSSDRDTV,1
TMTPPPTSVRGT,1
MTWMEWDREINNYTSLIHSLIEESQNQQEKNEQELL,1
KPPSKPNNDFHFEVFN,6
CATCQIADSHRSHRQMV,5
VESMNKELPKIIGQVRDQAEHLKTAY,1
ETGSVRFPFHRCGTGPRLTK,1
LVFPSDEFDASISQVNEKINQSLAFIRKSDELLHN,6
KKKKVVAATYVLA,2
TAAVALVEAKQARSDIEKLKEAIRDTNKAVQSVQS,3
FLAAARIAKRVAKKARKLAKRAARKRK,0
DREINNYTSLIHSLIEESQNQQEKNEQELLELDKWA,1
NPGLLETSEGCRQ,1
KKKKVVTSTYVLVEA,2
RAVWRHSVATPSHSV,5
WADWVRWI,0
RRWCFRVCYKGFCYRKCR,1
YTSLIHSLIEESQNQQEKNEQELLQLDKWASLWNWF,1
INNYTSLIHSLIEESQNQQEKNEQELLELDKWASLW,1
YTSLIQSLIEESQNQQEKNEQQLLELDKWASLWNWF,1
MDVNPTLLFLK,5
MNINPYPLFIDVPIQ,5
SWLWEVWDWVLHVLSDFK,2
SGIVQQQNNLLRAIEAQQHLLQLTVWGIKQCCGRISGIVQQQNNLLRA,1
LIHSLIEESQNQQEKNEQELLELDKWASLWNWFNIT,1
QEFFGLNNCSSSNRLD,1
SAQITAAVALVEAKQARSDIEKLKEAIRDTNKAVQ,3
VPAHKGIGGNEQVDKLVSAG,1
HGLASTLTRWAHYNALIRAF,4
HVNDMLGRVAIAWCE,4
CVRLASHLRKLRKRLLRDADDL,2
AQLLESVLQEERILALHAQARERLT,4
KTCENLADTY,1
LQNHELTLWNEARKL,4
VLDLIYSLHKQINRGLKKIVL,2
FKLPLGINITNFRAILTAFS,7
VALDPIDISIELNKAKSDLEESKEWIRRSNQKLDS,3
WNSLKIANLAV,1
KPPSKPNNDFHFEVFNFVP,6
KNPTPPRPAGDNATV,4
KKKKVVAATYVLV,2
YTSLIHSLIEEVQNQQEKNEQELLELDKWASLWNWF,1
MTWEAWDRAIAEYAARIEALIRAAQEQQEKNEAALREL,1
STCVPVAADNVIVQN,4
KKKKVLAAFYVLV,2
GKVIDTLTCGFADLMGYI,2
SWLRDIWDWACEVLSDFK,1
VIVQNSMRISSRPGA,4
RAFVTIGK,1
WNSLKIDALDV,1
TDVILMCFSIDAPDSLENI,6
ADLEVVAATYVLVD,2
RQIKIWFQNRRMKWKKGELDELVYLLDGPGYDPIHS,2
GFCRCICTRGFCRCICTR,1
GIPCGESCVFIPCLTTVAGCSCKNKVCYRN,1
VWGIKQLQARILAVERYLKDQQLLGIWG,1
AVALVEAKQARSDIEKLKEAIRDTNKAVQSVQSSI,3
CTSDLPSSWGYMNCNCTNSSSS,0
WMEWDREIEEYTKKIEEYTKKIEEYTKKIWASLWNWF,1
WMEWDREIEEAAKKLEEAAKKLEEAAKKLEEAAKKL,1
MASAGMQILGVVLTLLGW,2
QKQIANQFNKAISQIQESLTTTSTALGKLQDVVNQNAQALNTLVKQQNQSANQFQKEISQINEVLTTTNTSLGKLQDDVNQNNQSLNTLQKE,7
VITIELSNIKENKCNGTDAKVKLIKQELDKYKNAV,6
CKWEEAKVKFHCQRTQSQPGSW,0
LGEWYNQTKELQQKFYEIIMNIEQNNVQVKKGLQQ,0
RRKKVLLALLAP,5
LEAIPMSIPAEVKFNKPFVF,1
KKKKLLLAFLFLF,2
MYNCSLQNGFTMKVDDLIVH,0
GTKWLTEWIPLC,1
LGTEVSEALGGAGLTGGF,1
CPPPTGATVVQFEQP,4
APKEWMAWAREIAAYAKLIAALIKQGI,1
AIPALGTNVKKRRHG,2
QGSWFGCTWMNSTGF,2
FIHNFKRK,1
TAYFALKLAGRW,1
TAYFLLKLAGAW,1
AETVESCLAKPHTEN,5
IELNKAKSDLEESKEWIRRSNQKLDSIGNWHQSST,3
GAKKGAKKGKKGAKKGAKGAGAKGAGAFKKKK,0
KKKKTVAATYVLV,2
PPPLGAAPTGDPKPK,4
KKKKVVAAFYFLV,2
KKKKLLLPFLFLF,2
TEVSEALGGAGLTGGFYE,1
LSNIKKIKCNGTDAKVK,6
GKINISLCLTGGKMLYNKVT,0
AKKAWKKAKKAAKKAKKWAKK,4
ADLEVVAATFVLVA,2
VHIPLGDA,1
PTTFMLKYDENGTITDAVDCYQDVNCTDVSTAIHADQLTPIQKEIDRLNEVAKNLNESLI,7
RPKHPIKHQGLPQEVLNENLLRF,1
PPNPTPPPPGASANA,4
RLFDKIRQVIRKF,1
AEAASQVTNTATIM,1
CGSVFLVGQLFTFSPRHH,2
HGNITLGEWYNQTKDLQQKF,0
SPLGFGSYTMTKIRDSLHLV,1
YTSLIHSLIEESQNQQEKNEQELLELDKWASLWNAF,1
RRKKAAVALLPAVLLALLAP,4
DAILHTPGCVPCVREGNA,2
VEAKQARSDIEKLKEAIRDTNKAVQSVQSSIGNLI,3
KKKKVVAPTYVFV,2
ALHALGYQLAFVLDSPSAY,4
LVRRRSELMGRRNPVCPG,1
WMEWDREINNYTSLIHSLIEELQNQQEKNEQELL,1
LHRIDLGPPISLERLDVGTNLGNAIAKLEDAKELL,3
ITIELSNIKENKCNGTDAKVKLIKQELDKYKNAVT,6
NLVSGLIEARKYLEQLHRKLKNRKV,1
AVSKVLHLEGEVNKISALLSTNKAVVSLSNGVSVLTSKVLDLDNYIDKQLLPIVNK,6
KQARSDIEKLKEAIRDTNKAVQSVQSSIGNLIVAI,3
QEWERKVDFLEENITALLEEAQIQQEKNMYELQKL,1
YDPLVFPSDEFDASISQVNEKINQSLAFIRKSDELLHNV,6
FFVIFYRRKK,5
ACWAAGIKQEF,1
GVLLLILCLPTLVDCIRNCI,0
KKKKVFAATYVLV,2
KKKKLLLPFYVFF,2
AAHLIDALYAEFLGGRVLTT,4
KKKKVVAPFYVLV,2
KKKKLVAPFLFFF,2
EWERKVDFLEENITALLEEAQIQQEKNMYELQKLN,1
MTWMEWDREINNYTSLIHSLIEESQNQQEKNEQELLEL,1
KKKKVVAAFYVLF,2
NKSLLTEVETPIRNEWGCRCNDSSD,5
LDPIDISIELNKAKSDLEESKEWIRRSNQKLDSIG,3
ILMCFSIDSPDSLE,6
PANAATRTSRGWHTT,4
RRKKLLPAVLLALLAP,5
RIGCQHSRIGITQQR,1
KKKKVVAATPVLV,2
KIPCGESCVWIPCVTSIFNCKCENKVCYHD,1
GELGRIPSDTYDLAVGALHCPFYLVSGLVYLDG,2
KKKKVVLPFLFFF,2
YALLIRMIYKNI,1
TTWEAWDRAIAEYAARIEALIRASQEQQEKNEAELREL,1
CEYQAGHNKVGSLQY,1
RNPSQVGD,2
KKKKLLLPTLFFF,2
EEQAKTFLDKFNHEAEDLFYQSSGLGKGDFR,7
WMEWDREINNYTSLIHSLIEEAQNQQEKNEQELL,1
KKKKVVAATYVEV,2
KKKKGVAATYVLV,2
AAAQWDFGNTMC,1
YQDVNCTDVSTAIHADQLTPIQKEIDRLNEVAKNLNESLI,7
KETPIRNEWGCRGETPIRNEWGCR,5
KRKRAVKRVGRRLKKKLARKIARLGVAF,0
HLKTAVQMAVFIHNFKR,1
GINASVVNIQKEIDRLNEVAKNL,7
GAWYKGRARPVSAVA,5
IIIVIIVILLSLIAVGL,6
KKKKVLLPFLLFF,2
FAVAVKAVAVKAVAVKAVKKAVKKVKKAVKKAVKKKK,0
GDPTFCGETCRVIPVCTYSAALGCTCDDRSDGLCKRN,1
GVIPCGESCVFIPCISTLLGCSCKNKVCYRN,1
KKKKLLAATYVLV,2
KKKKLVAPTYVLV,2
EDCSTPSSGSFLDR,2
KQLSYCTDPLQIPLINYTFG,0
LRSRTKIIRIRH,4
SISCGESCAMISFCFTEVIGCSCKNKVCYLN,1
ESELVSQIIEQLIKK,1
LEAIPMSIPPEVKFNKPFVA,1
PEGRTWAQPGYPWPLYGN,2
FLHFLHHLF,2
LPTTQLRRHIDLLVGSAT,2
RRKKAAVALLPAV,5
AALEAKICHQIEYYFGDF,2
ATHIKVGQPQYYQAN,4
QRPRLSHKGPMPF,1
VSFAIKWEYVLLLFL,2
YVTQQLIRAAEIRASANLAATKMSECVLGQSKRVDFCGKG,7
GLLASLGKVFGGYLAEKLKPK,1
DDSVVAAMSYSFA,2
MDVNPTLLFLKVPAQNAI,5
KIPCGESCVWIPCVTSIFNCKCKENKVCYHD,1
AKVTMTCSAS,5
KAAKKAAKAAKKAAKWAKKAA,4
PPTCYVPPHSPATPPPSVRISLLRLVFTLIRSEFELERSMNRRY,5
KKKKLLLPTLFFV,2
WDREINNYTSLIHSLIEESQNQQEKNEQELLELDKW,1
LYGNEGCGWAGWLLSPRG,2
KKKKVVAATLVLF,2
HEFVPLEVYTRHEIK,4
KKKKVVAATYVLVF,2
SGIDQEQNNLTRLIEAQIHELQLTQWKIKQLLARILK,1
TDVILMCFSIDSPDSLEAI,6
NHIQRHVNDMLGRVA,4
RRKKPAVLLALLAP,5
KKKKVVAETYVLV,2
GELGRLVYLLDGPGYDPIHCDVVTRGGSHLFNF,2
ILMCFSINSPNSLQN,6
ASCDKCQLKGEAMHG,1
VSIEWRKK,1
WVNQLAVLGLPAVDAAVA,1
QLQKWEDWVRWIGNIPQYLKG,0
FHCQRTQSQPGSWFRAISSWKQ,0
APKEWMEWDREINNYTSLIHSLIKQGI,1
GRKRRQTSMTDFYHS,2
CATCIADHRSHRQMV,5
ELKNEAVRHFPRIWL,1
GTTVNCIVEEVDARS,4
AENTDANFYVCPPPT,4
NKPFVFLM,1
SWLRDVWDWICTVLTDFK,2
KILEPFRKQNPDIVIYQYMD,1
GTKGLTEVIPLTEEAEC,1
DPIDISIELNKAKSDLEESKEWIRRSNQKLDSIG,3
SGTKMACPSNRGILRNWYNP,0
SIELNKAKSDLEESKEWIRRSNQKLDSIGNWHQSS,3
NCVKMLCTHTGTGQAITVTP,7
KKKKVVAATYPLV,2
IEQLIKKEKVYLAWV,1
MSTNPKPQRKTKRNTNRRPQDVKFPGGGQIVGGV,2
CATCEQIADSQHRSH,5
LLDCWVRLGRYLLRRLKTPFT,2
KKKKVVAATYVLP,2
KWEYVLLLFLL,2
QVYKGGYTRPIPRPPPFVRPLPGGPIGPYNGCPVSSCRGISFSQARSCCSRLGRCCHVGKGYS,4
HCSLAYGDASTLVVF,2
RSDIEKLKEAIRDTNKAVQSVQSSIGNLIVAIKSV,3
SWLRDLWDWLCEVLSDFK,2
KKKKVVAATYVKKA,2
ANQFNKAISQIQESLTTTSTALGKLQDVVNQNAQALNTLVKQ,7
KSNVVRGWVFGSTMNNKSQS,7
GIKEFKRIVQRIKDFLRNLV,1
YTSLIHSLIEERQNQQEKNEQELLELDKWASLWNWF,1
RGRRGIYR,2
PRHHWTTQDCNCSIYPGH,2
ALYVGDLCGSVFLVGQLF,2
YVSGKARGWFYRHHY,1
WMEWDREINNYTSLIHSLIEESQNQQEKNEQELL,1
VYDPLQPELDSFKEELDKYFKNHTSPDVDLGDISGINASVV,7
LGKFSQTCYNSAIQGSVLTSTCERTNGGYNTSSIDLNSVIENVDGSLKWQPSNFIETCRNTQLAGSSELAAECKTRAQQFVSTKINLDDHIANIDGTLKYE,1
RKAILGHIVSPRCEY,1
CLLLGTEVSEALGGAGLT,1
MPEVEGEEIQPQMELRRNGR,0
GLQLLGFILAFLGWIGAI,2
TYICEVEDQKEE,1
KVGSLQYLALAALIT,1
LEAIPMSIPPEVAFAKPFVF,1
QYMDDLYVGSDLEIG,1
KKKKVVAATYVLK,2
AGAGTGATAIGMVTQYHQVL,0
VAGLRQSLEQYQVVKQPDYL,0
AGAVVNDL,4
LEAIPMSIPPEVKFAKPFVF,1
LEAIPMSIPPEVKFNKPFVF,1
KKKKLLLPTLVFF,2
MANSGLQLLGFSMALLGW,2
KGLSGPQGSWWVV,1
NCLLLGTEVSEALGGAGLTGG,1
TAYFLLKLAARW,1
QPELDSFKEELDKYFKNHTSPDVDLGDISGINASVVNIQ,7
SWLRDIWDWLCELLSDFK,1
ADLEVVAATYVDDA,2
WEEWDRKIEEYTKKIKKLIEESQEQQEKNEKELK,1
TLLCDCPNGPWVWVPAFCQA,1
AALVVAQLLRIPQAIMDM,2
GPPPHHRDYHGP,1
VPVGSASCTIAALGSSDR,1
PNGPWVWVPAFCQAVGWGDP,1
PPLPSVTKLTEDRWN,1
SWLRDIWDWI,2
SAYQVRNSSGLYHVTNDC,2
NCCAPEDIGFCLEGGCLV,1
WQEWERKVDFLEENITALLEEAQIQQEKNMYELQK,1
GAETFYVDGAANRETKLGKA,1
ARALAHGVRVLEDGVNYA,2
PPPPGASANASVERI,4
VDCSPGIWQLDCTHL,1
KKKKLVAATYVLV,2
FLGFLHHLF,2
GRFKRFRKPFKKLFKKIS,1
KVPAQNAISTTFPYT,5
DIQKLVGKLNWASQIYPGIK,1
ADLEVVAATYAAAA,2
TLTVQARQLLSGIVQQQNNLLRAIEAQQHLLQLTVWGIKQLQARIL,1
GCKKYRRFRWKFKGKFWFWG,1
ALVEAKQARSDIEKLKEAIRDTNKAVQSVQSSIGN,3
KKKKVVAATKVLV,2
KKKKVPAATYVLV,2
DIEKLKEAIRDTNKAVQSVQSSIGNLIVAIKSVQD,3
GKKYRRFRWKFKFGKWFWFG,1
FDASISQVNEKINQSLAFIRKSDELLHNVNAGKSI,6
STSYAGAVVNDL,4
LKAKTNISIREGPTLGNWAR,0
PYKFKATMYYKDVTV,4
SWLRDIWDWICEVL,2
GELGRLVYLLDGPGYDPIHCD,2
WNALKIDNLDV,1
GPQREPYNEWTLELL,1
SWETWEREIENYTKQIYKILEESQEQQDRNEKDLLE,1
FLREDLAF,1
DWLKAFYDKVAEKLKEAF,1
WNSLKADNLDV,1
IHVQGHLQEVDAGNFIPP,1
YMSPFYGYREGSHTE,4
EELRVRLASHLRKLRKRLLRDADDLQKRLAVYEEQAQQIRLQAEAFQARLKSWFEPLVEDM,2
DHYNCVSSGGQCLYSACPIFTKIQGTCYRGKAKCCK,4
LLPRRGPRLGVRATRKTS,2
LQQLLFIHFRIGCQH,1
SWLRDIWDWICEVLSDFK,2
RNKSNLHTEARFRIRCRWNV,0
DISIELNKAKSDLEESKEWIRRSNQKLDSIGNWHQ,3
IQEEIDRLNEVAKNLNESLI,7
ESVVINCTRPNNNTRRRLSIGPGRAFYARRNIIGDIRQAHCNIS,1
LTEEKIKALVEICTEMEKEG,1
ACFPWGKEYCGGK,2
QFMGIFEDRAPVPFE,4
AYRFNGIQVTQNVLYENQKQIANQFNKAISQIQESLTTTSTALGKLQDVVNQNAQALNTLVKQLSSNFGAISSVLNDILSRLDKVEAEVQIDRLIT,7
TRQARRNRRRWRERQR,1
KKKKVLAPTYVLV,2
LLDCWVRLGRYLLRRLKT,2
RRKKLAALPLVLAAPLAVLA,4
GIFPKIIGKGIVNGIKSLAKGVGMKVFKAGLNNIGNTGCNNRDEC,1
TDVILMCFSIDSADSLENI,6
EQIWNNMTWMEWDREINNYTSLIHSLIEESQNQQEK,1
GTAALTEVIPLTEEAEC,1
GAPLGGAARALAHGVRVL,2
MSTNPKPQRKTKRNTNRRPQDVKFPGGGQIVGGVYL,2
RGTKALTEVIPLTEEAEC,1
LGQGVSIEWRKKRYS,1
TMKVDDLIVHFNMTKAVEMV,0
TEEAELELAENREILKEPVH,1
KVLHLEGEVNKIALLSTNKAVVSLSNGVSVLTS,6
CSICSNNPTCWAICKRIPNKKPGKK,6
MDVNPYFLFLKVPAQ,5
LVKCPTPAIEPPTGTFGF,1
GTKALTEVIPLTEEAEC,1
GWFYRHHY,1
GRFKRFRKKFKKLFKKIS,1
TAYFLLILAGRW,1
TTLLDLTYEMLSLQQVVKALNESYIDLKEL,7
LEAIPMSIPPEVKFNAPFVF,1
SWLRDIWDWSCEVLSDFK,1
YQLLIRMIAKNI,1
TAAFLLKLAGRW,1
AVGIGALFLGFLGAAGSTMGARSAMTLTVQRQL,1
GRWPVKTIHTDNGSNFTGAT,1
CGTCVRDCWPETGSVRFPFH,1
ALDPIDISIELNKAKSDLEESKEWIRRSNQKLDSI,3
KKKKLLLPTLFLF,2
LGQGVSIE,1
RRGRVGRNPNQVGD,2
ELDSPKEELDKYFKNHTSPDVDLGDISGINASVVNIQKEIDRLNEVAKNLNESLID,7
KQLSSNFGAISSVLNDILSRLDKVEAEVQIDRLITG,7
CEEQAQQIRLQAEAFQARLKSWFEPLVEDM,2
WDWICEVLSDFK,2
CIRLQAEAFQARLKSWFEPLV,2
YAGAVVNDLL,4
LEAIPASIPPEVKFNKPFVF,1
KKKKVVAAEYVLV,2
SVERIKTTSSIEFAR,4
CATCIADHRSH,5
GQHRTKIEELRQHLLRWGLT,1
VALDPIDISIELNKAKSDLEESKEWIRRSNQKLDSD,3
MANAGLQLLGFILAFLGWIGAIVS,2
RRKKVALLPAVLLALLAP,5
AEDWVRWI,0
SDIEKLKEAIRDTNKAVQSVQSSIGNLIVAIKSVQ,3
WMEWDREIEELAKKAEELAKKAEELAKKAEELAKKA,1
FHRKKGRGKHK,5
VSTALPQWRIYSYAGDNI,2
KKKKVVAATFVLV,2
GINASVVNIQKEIDRLNEVAKNLNESLIDL,7
DCPNGPWVWVPAFCQAVGWG,1
KKKKVVAAPYVLV,2
SWLRDIWDWVCEVLSDFK,2
RHHYESTHPRISSEV,1
KQRQNKPPSKPNNDFHFEVFN,6
TLNNSVALDPIDISIELNKAKSDLEESKEWIRRSN,3
MTKWQEVDEMLRSEY,4
RRKKALLAP,5
PTKFMLKYDENGTITDAVDCQYGSFCAQLNRALSGIAVEQ,7
KRKRAVKRVGRRLKKLARKIARLGVAKLAGLRAVKLF,0
ACYCRIPACIAGERRYGTCIYQGRLWAFCC,4
RQIKINFQNRRMKNKKGELDELVYLLDGPGYDPIHS,2
IALLSTNKAVVSLSNGVSVLTSKVLDLKNYIDK,6
ATHQETIEKVTEALKINNLRLVTLEHQVLVIGLKVE,0
GTKWATEWAPLTAEAEC,1
ADLEVVAATYVLDD,2
FFGSVLKLIPKIL,1
TDVILMCFSI,6
MDRIFARRYNATHIK,4
KKKKVVLATYVLV,2
GSDTSLIDTCGNTPNVSGAN,0
APKEWMAWAREIAAYAKLIAALI,1
ALWKTMLKKLGTMALHAGKAALGAAADTISQGTQ,1
INNYTSLIHSLIEESQNQQEKNEQELLE,1
WVPKRPSVCTMTKWQ,4
YQALIRMIYKNI,1
KKKKVVAATYFFV,2
QKEGLHYTCSSHFPYSQYQF,1
IDISIELNKAKSDLEESKEWIRRSNQKLDSIGNWH,3
GWHTTDLKYNPSRVE,4
TSLIHSLIEESQNQQEKNEQELLELDKWASLWNWFN,1
MSTNPKPQRKTKRNTNRR,2
NRRPQDVKFPGGGQIVGGVY,2
GRFKRFRKKFKKLFKKLSPVIPLLHLG,1
LGCNQNQFFCKIPLELWTRY,0
VEGQLGENNELRLTRDAIE,4
LLRIPQAIMDMIAGAHWG,2
DSHAKRHHGYKRKFHEKHHSHRGY,1
YPLPHPMWSMLP,1
CATCQIADSHRSH,5
AEAMAQVTN,1
DSGLLDYTEVQRRNQ,4
KKKKVVAAKYVLV,2
MDVNPTLLFIDVPAQ,5
ATAGWTFGAGAALQIPFAMQMAY,7
VRLGSISVIGIVRGKK,2
PPGSLGWPPNTTEPPPYLRLRLIFLFIHLNKIRIRAREIYES,5
LLDWCVRLGRYLLRRLKT,2
ITAAVALVEAKQARSDIEKLKEAIRDTNKAVQSVQ,3
AFKQSPPAIPALGTN,2
RIPTGERVWDRGNVTLLCDC,1
GVATSAQITAAVALVEAKQARSDIEKLKEAIRDTN,3
NSVALDPIDISIELNKAKSDLEESKEWIRRSNQK,3
ADLKVVAATYVLVA,2
SWLRDIWDWECEVLSDFK,2
MDVNPTLLFLKVPAQN,5
IKKTYEEIKKTYEEIKKTYEEIKKTYEEIKKTYEE,1
LTSDTYFLPVPA,1
GVCRCLCRRGVCRCLCRR,1
KKKKVVAATAVLV,2
FAKKFAKKFKKFAKKFAKFAFAF,0
GFLSILKKVLPKVMAHMK,1
SVTKLTEDRWNKPQK,1
YQLLIRMIYKNA,1
YTSLIHSLIEEMQNQQEKNEQELLELDKWASLWNWF,1
ASLRVRIKKQ,4
RTGRGRRGIYR,2
LFRLIKSLIKRLVSAFK,5
KKKKVVAAFLVLV,2
KGLSGPSWWLFCV,1
DCFSESAIRKAILGH,1
DISGINASVVNIQKEIDRLNEVAKNLNESLIDLQELGKYE,7
TAYFLLKLAGRA,1
PKSSWSDHEASSGV,1
DDSVVCAAMSYSFA,2
PPGETPTPVSDLWPPPSYQGRPSRQGHPP,5
KKKKVVATTYVLV,2
AAHLIDALYAEFLGGRVLTTPVVHRALFYASAVLRQPFLAGVPSA,4
ILELLYKFRDNIKSSVRE,2
GHKARVLAEAMSQVTNPATIM,1
ITLNNSVALDPIDISIELNKAKSDLEESKEWIRR,3
WEDWVRWIGNIP,0
LEAIPCSIPPEFLFGKPFVF,1
QFEQPRRCPTRPEGQ,4
DITLNNSVALDPIDISIELNKAKSDLEESKEWIRR,3
KKGACEARHREWAWLCAA,1
CATCEQIADSQHRSHR,5
QQRRARNGASRS,1
SEDVVSSSMSYTFT,2
LQEVDAGNFIPPPRWLLL,1
ELSEWGVPCVTCILDRRPAS,1
RRKKAAVALLPAVLLAL,5
KKKKLLLAFLFFF,2
SWLRDIWDWICKVLSDFK,2
GSIPACGESCFKGKCYTPGCSCSKYPLCAKN,1
QDCNCSIYPGHITGHRMA,2
TTKARATAPTTRNLL,4
TRTSRGWHTTDLKYN,4
AAAMSQVTN,1
TMLEDHEFVPLEVYT,4
PTTFMLKYDENGTITDAVDCQYGSFCTQLNRALSGIAAEQ,7
SWLRDIWDWLCEVLSDFK,2
ACGWAGIKQEF,1
ADLEVVAATYVKKK,2
SQNQQEKNEQELLELDKWASLWNWFNITNWLWLIKI,1
IAEIQKQGQGQWTYQIYQEP,1
KKKKVVAKTYVLV,2
DCIGKDARDAMDRIF,4
QLIHLYYFDCFSESA,1
EYPLSRVDLGDCIGK,4
GVIDAAKKVVNVLKNLF,1
SMRISSRPGACYSRP,4
GAPASVLGSRPFDYGLKWQS,1
KKKKAVAATYVLV,2
KKKKKVAATYVLV,2
VILMCFSIDSPDSLENI,6
VGNWAKVLVVLLLFAGVD,2
QYGSFCAQLNRALSGIAVEQ,7
KKKKVVAATTVLV,2
MANAGLQLLGFILAFL,2
RRKKAVALLPAVLLALLAP,5
VTNTATIM,1
CHRCFHFRRHPVAVF,2
STTVKAASWWA,1
PTKFMLKYDENGTITDAVDCYQDVNCTDVPTAIHADQLTPIQEEIDRLNEVAKNLNESLI,7
KKKKVVAATYVLVA,2
ASCDKCQLKG,1
TNWYGSGW,1
ALPQWRIYSYAGDNIVTA,2
VYPYDEFVLATGDFV,4
ACWWAGIAQEF,1
RPEGQNYTEGIAVVF,4
KKKKVLLPFLFVF,2
KKKKVVTATYVLV,2
FILAFLGWIGAIVSTALP,2
AATLEEMMTACQGVGGPGHKARVLA,1
YGGIKKEIEAIKKEQEAIKKKIEAIEKEIEA,1
DLKYNPSRVEAFHRY,4
YTSLIHSLIEESQNQQEKNEQELLELNKWASLWNWF,1
KVCYRAIPCGESCVWIPCISAAIGCSCKN,1
GSRVQIRCRFRNSTR,4
KKKKLVLPTLFFF,2
ASVTVGRRVSARMLG,4
ARSDIEKLKEAIRDTNKAVQSVQSSIGNLIVAIKS,3
SSGLYHVTNDCPNSSIVY,2
AECVVSCSMSYTKA,2
CATCEQIADSQHRSHRQM,5
LLKELWTKIKGAGKAVLGKIKGLL,1
KKKKLLLAFLFFV,2
KWLDAFYKDVAKELEKAF,1
ETVPVKLKPGMDGPKVKQWP,1
QKQGQGQWTYQIYQEP,1
ANRETKLGKAGYVTNRGRQK,1
YTSLIHSLIEESQNLQEKNEQELLELDKWASLWNWF,1
TTWEAWDRAIAEYAARIEALIRALQEQQEKNEAILREL,1
TDVILMCFSIASPDSLENI,6
PQMELRRNGRQCGMSEKEEE,0
NCLLLGTEVSEALGGAGL,1
AEAMSQVTNTATIM,1
QPGYPWPLYGNEGCGWAG,2
KKKKVVAATYVLFA,2
TLREHLRDIKAENTD,4
RRKKAAVALLPA,5
GIGAVLKVLTTGLPALISWIKRKRQQ,4
EAVRHFPRIWLHSLG,1
GLNTLKKVFQGLHEAIKLINNHVQ,1
GTKAATEVIPLTEEAEC,1
LGVATSAQITAAVALVEAKQARSDIEKLKEAIRDT,3
PPPTHQSPNTTDMPPPATLSGPTGINRPP,5
ALGPAATLEEMMAAAQGV,1
ACWWAGAKQEF,1
EGPTLGNWAREIWATLFKKA,0
DTVVELSEWGVPCATCIL,1
PTKFMLKYDENGTITDAVDCYQDVNCTDVPTAIHADQLTPQYGSFCAQLNRALSGIAVEQ,7
EAIRDTNKAVQSVQSSIGNLIVAIKSVQDYVNKEI,3
QKQIANQFNKAISQIQESLTTTSTALGKLQDVVNQNAQALNTLVKQ,7
LEAIPCSIPPCVLFNKPFVF,1
MDVNPFLLFLKVPAQ,5
DVKQLTEAVQKITTESI,1
FGIPYNPQSQ,1
SVSVGMKPSPRP,2
RRKKAAVALLPAVLLALLA,5
PATPAPPPLGAAPTG,4
EELRVRLASHLRKLRKRLLRDADDL,2
TTWMEWDREINNYTSLIHSLIEESQNQQEKNEQELLEL,1
SKIDVWSLVPVGSASCTIAA,1
GSWLRDIWDWICEVLSDFK,2
TDVILMCFSIDSP,6
WMEWDREINNYTSLIHSLIEESQNQQEKNEQELLELDKWASLWNWF,1
KKKKVLLAFLFFF,2
ITFEDLLDYYGP,1
YGAVVNDL,4
VVTLTDTTNQKTELQAIYLA,1
KKKKLLLPFYFFF,2
QPRGRRQPIPKARRPEGR,2
LPEKDSWTVNDIQKLVGKLN,1
TCILDRRPASCGTCVRDCWP,1
RKVDFLEENITALLEEAQIQQEKNMYELQKLNSWD,1
QIWNNMTWMEWDREINNYTSLIHSLIEESQNQ,1
RQIKIWFQNRRMKWKK,1
GICRCICGRRICRCICGR,1
NEELGKKYEETKKKQEEFYKKIEEIEKKNEEVKKKLEELQKK,0
VATRDGKLPTTQLRRHID,2
ASLRVRIKK,6
RRKKLALLAP,5
SQGVVESMNKELKKIIGQVRDQAEHLKTAY,1
SWLRDIWD,2
ATGQETAYFLLKLAGKA,1
AQEPVKGPVSTKPGSCPIILIRCAMLNPPNRCLKDTDCPGIKKCCEGSCGMACFVPQ,1
LQYLALAALITPKKI,1
YARDLTTKARATAPT,4
MSTNPKPQRKTKRNTNRRPQ,2
AAQRRGRVGRNPNQVGD,2
VEAIIRILQQLLFIH,1
VSVTCVWGSVSWFASTGGRD,1
KWCFRVCYRGICYRRCR,1
LSNTLAELYVREHLR,4
RDVSDFTDSVRDPKTSEILD,7
KGLSGPESRWWVV,1
NIKENKCNGTDAKVKLIKQELDKYKNAVTELQLLM,6
WMEWDREINNYTSLIHSLIEEWQNQQEKNEQELL,1
TDVILMCFSIDSPDSLENI,6
KYTAFTIPSINNETPGIRYQ,1
DDDEVVAATYVLVA,2
PPESNHPPWKGPYPPPTSNVNPLILLSHLNKIRIRAREIYES,5
GTKWLTEVWPLC,1
KPPSKPNNDFHFEVFNFV,6
SKVLHLEGEVNKIALLSTNKAVVSLSNGVSVLT,6
AACEVAKNLNESLIDLQELGKYEQYIKW,7
EARKLNPNAIASVTV,4
TAVILMCFSIDSPDSLENI,6
RQHLLRWGLTTPDKKHQKEP,1
CDGGIKKEIEAIKKEQEAIKKKIEAIEKLLQLTVWGIKQLQARIL,1
TWMEWDREINNYTSLIHSLIEESQNQQEKNEQELLE,1
YTSLIHSLIEESQNQQEKLEQELLELDKWASLWNWF,1
YEIIMDIEQNNVQGKTGIQQ,0
RRKKALLPAVLLALLAP,5
SNFASITTPRPH,1
AGERIVDIIATDIQ,1
GTEVSEALGGAGLTGGFY,1
EFVLATGDFVYMSPF,4
DMELKPANAATRTSR,4
FYDPLVFPSDEFDASISQVNEKINQSLAFIRKSDE,6
ILMCFSIDSPDSLEN,6
GLPICGETCVGGTCNTPGCSCSWPVCTRN,1
TRQARRNRRRWRERQRAAAAC,1
SWRLDIWDWICESVLDFK,2
KAFEEVLAKKFYDKALWD,1
MDYQVSSPIYDINYYTSEPCQKINVK,1
LFRLIKSLIKRLVSAFK,7
WEEWDKKIEEYTKKIEELIKKSEEQQKKNEEELKK,1
WLVFFVIFYFFRRRKK,5
KKIKPPLPSVTKLTE,1
ISIELNKAKSDLEESKEWIRRSNQKLDSIGNWHQS,3
TTWEAWDRAIAEYAARIEALIRAAQELQEKNEAALREL,1
NPNAIASVTVGRRVS,4
PLVFPSDEFDASISQVNEKINQSLAFIRKSDELLH,6
YKGYQPIDVVRDLPSGFNTL,7
YQDVNCTDVPTAIHADQLTPQYGSFCAQLNRALSGIAVEQIQEEIDRLNEVAKNLNESLI,7
ISGINASVVNIQKEIDRLNEVAKNLNESLIDLQEL,7
KKKKLLLPFYFLF,2
AAQRRGRIGRNPSQVGD,2
DVREEEQLGERATGLNLNI,4
GYSAGERIVD,1
FAVNPGLLEAAAGCRQIL,1
KKKKLLLATLFFF,2
WNNMTWMEWDREINNYTSLIHSLIEESQNQQEKNEQ,1
YTSLIHSLIEEEQNQQEKNEQELLELDKWASLWNWF,1
QPELAPEDPEDSALLEDPVGTVAPQ,4
PTKFMLKYDENGTITDAVDCQYGSFCAQLNRALSGIAVEQIQEEIDRLNEVAKNLNESLI,7
LLGDFFRKSKEKIGKEFKRIVQRIKDFLRNLVPRTES,1
MPITNDQKKLMSNNVQI,6
WMEWDREINNYTSLIGSLIEESQNQQEKNEQELLE,1
EVNKIALLSTNKAVVSLSNGVSVLTSKVLDLKN,6
CATCEQIADSQHRSHRQMV,5
ACWWAGIKAEF,1
RQLLSQIVQQQNNLLRAIEAQQHLLQLT,1
CLLLGTEVSEALGGAGLTGG,1
EICTEMEKEGKISKIGPENP,1
QRQIRSISGWILSTYLGRPAEPVPLQ,1
TDVILACFSIDSPDSLENI,6
SWLRDLWDWLCELLSDFK,1
IEFARLQFTYNHIQR,4
DDSVVSAAMSYSYA,2
QKWEDWVRWIGN,0
WMEWDREI,1
HTDNGSNF,1
VQQQNNLLRAIEAQQHLLQLTVWGIKQL,1
YQLLIRMIYKAI,1
CIVEEVDARSVYPYD,4
KKKKLVLPFLFFV,2
KKKKVVAAFYVFV,2
ENKCNGTDAKVKLIKQELDKYKNAVTELQLLMQST,6
QWTYQIYQEPFKNLKTGKYA,1
LFGLIPSLIGGLVSAFK,7
KKKKVVAPTYVLF,2
ILPWKWPWWPWRR,1
NNSVALDPIDISIELNKAKSDLEESKEWIRRSNQK,3
AGALMFAWLLLGLQGIFN,2
PTLLFLKVPAQNAISTTFPYT,5
PTTCANDP,7
NELRLTRDAIEPCTV,4
LHQNIVDVQYMYGLS,2
KKKKLLLPFLVLF,2
ALGPAAAAAEMMTACQGV,1
FKNHTSPDVDLGDISGINASVVNIQKEIDRLNEVAKNLNES,7
VPCSICSNNPTCWAICKRIPNKKPGKK,6
TAYFLLKAAGRW,1
RRKKAAVALL,5
RRKKAAVALLPAVLLALLAP,5
PPDEGYPPMRMQVPPLGGRIILVRVLLHLNKIRIRAREIYES,5
SWLRDLWDWICEVLSDFK,1
AFHRYGTTVNCIVEE,4
TNRRPQDVKFPGGGQIVG,2
RKTSERSQPRGRRQPIPK,2
IGLKVEAMEKFLYTAFAMQE,0
GTKWLTEWIPLTAEC,1
EEQAKTFLDKFNHEAEDLFYQSS,7
EEHEKYHSNW,1
TNDCPNSSVVYEAADAIL,2
KKKKVVGATYVLV,2
INASVVNIQKEIDRLNEVAKNLNESLIDLQELGKYEQYI,7
TTWEEWDREINEYTSRIESLIRESQEQQEKNEQELREL,1
GERVWDRGNVTLLCDCPNGP,1
INNYTSLIGSLIEESQNQQEKNEQELLE,1
LSNIKENKCNGTDAKVKLIKQELDKYKNAVTELQL,6
CWVRLGRYLLRRLKTPFT,2
GWFDIIKKIASEL,1
KKKKVVAATGVLV,2
DDSVVSAAMSYSFA,2
ACFPWGNTWCGGK,2
STRTPEDSNSLGT,1
YTSLIHSLIEEGQNQQEKNEQELLELDKWASLWNWF,1
GINASVVNIQKEIDRLNEVAKNLNESLIDLQELGKYE,7
ADLEVVAATYVDVD,2
GIGGKILSGLKTALKGAAKELASTYLH,1
GELGRPVYVLGDPGYYAT,2
TDAILMCFSIDSPDSLENI,6
DDSVVCAAMSYSYA,2
KKKKVLLATYVLV,2
KGLSGPTAWWVVV,1
AKQARSDIEKLKEAIRDTNKAVQSVQSSIGNLIVA,3
CEELRVRLASHLRKLRKRLLRDADDLQKRLAVY,2
HATCSLAFALATSVALATRNDLLLRWAAARDAQTILSKRDR,4
NNMTWMEWDREINNYTSLIHSLIEESQNQQEKNEQE,1
TDVILMCFSIDSPDSLENI,1
YGYREGSHTEHTTYA,4
NHEAEDLFY,7
KTELQAIYLALQDSGLEVNI,1
KKKKVVAATYVLG,2
ILPWKWPWWPWPP,1
CLGVGSCNDFAGCGYAIVCFW,1
SWLRDIWDWICEV,2
KEIDRLNEVAKNLNESLIDLQELGKYEQYIKWPWYVW,7
KKKKVVAAGYVLV,2
DVDLGDISGINASVVNIQKEIDRLNEVAKNLNESLIDLQELGKYEQYI,7
ELDSFKEELDKYFKNHTSPDVDLGDISGINASVVNIQKEIDRLNEVAKNLNESLIDLQELGKYEQYIK,7
YTSLIHSLIEESQNQQEKNEQELLELDKWASPWNWF,1
GENNELRLTRDAI,4
SLIGGLVSAFK,7
AKDLEVVTSTYVLVEA,2
KKKKLLLPFLVFV,2
KKKKVVKATYVLV,2
ETWETWWTEYWQATWIPEWE,1
PPLRYSPPGQRVIPPPADERFLRFLVFHLNKIRIRAREIYES,5
LEAIPCSIPPCVFFNKPFVF,1
TARLQLEARLQHLVAEILEREQSLA,4
AAGHATLREHLRDIK,4
ESMNKELKKI,1
HKILGYTVIAMPEVEGEEIQ,0
FDEMEECASHLPYA,2
RRKKAAVAL,5
NNCLLLGTEVSEALGGAGL,1
VLYNSTFFSTFKCYGVSATK,7
CCGCCYIAACARNNSNCSSHLECSTC,5
KSKKVKISLPCNSTKNLTFA,0
KQRQNKPPSKPNNDFHF,6
FDASISQVNEKINQSLAFIRKSDELLHNVNAGKST,6
KKKKVLAATYFLV,2
TSVITIELSNIKENKCNGTDAKVKLIKQELDKYKN,6
RLTGLLATSGFAFVNAAHANGAVCLSDLLGFLAHSRALAG,4
SISCSRGLVCLLPRLTNESGNDRFDS,4
YTSLIHSLIEEAQNQQEKNEQELLELDKWASLWNWF,1
RSQKEGLHYTCSSHFPYSQYQFWK,1
YQFHLVLHEALRAQALSRQLILGRELAQELVAELAT,4
KKKKVVAATYELV,2
KPKQIKPPLPSV,1
IKENKCNGTDAKVKLIKQELDKYKNAVTELQLLMQ,6
GFKRIVQRIKDFLRNLV,1
KKKKVVAATEVLV,2
EWTLELLEELKNEAV,1
EELAKKAEELAKKAEELAKKAEELAKKAWASLWNWF,1
GIGKFLHSAGKFGKAFVGEIMKS,4
YNYKYRYLRHGKLRPFERDI,7
YPAPIKVLLPNS,1
NKSLEQIWNNMTWMEWDREINNYTSLIHSLIEESQN,1
ISTTFTTNLTEYPLS,4
YTSLIHSLIEESQQQQEKNEQELLELDKWASLWNWF,1
FAVGLRAIKRALKKLRRGVRKVAKDL,0
KSLLTEVETPIRGSLLTEVETPIR,5
MASYKVNIPAGPLWSNAEAQQVGPKIAAAHQGNFTGQWTTVVESAMSVVEVELQVENTGIHEFKTDVLAGPLWSNDEAQKLGPQIAASYGAEFTGQWRTIVEGVMSVIQIKYTF,1
AQLVGELGSLYGPLSVSA,1
MDVNPYLLFLKVPAQ,5
KKKKVTAATYVLV,2
DCYCRIPACIAGERRYGTCIYQGRLWAFCC,1
TDVILMCFSIDSPDSL,6
GNTPNVSGANPVDCTMYSNK,0
SVITIELSNIKENKCNGTDAKVKLIKQELDKYKNA,6
SWLRDIWDWICE,2
SSSTSTQVQILSNAL,4
IWQYVCNFFVICFNVLKA,2
YTSLIHSLIEESQNQQEKNEQELLELDKPASLWNWF,1
RDWHLGQGVSIEWRK,1
GELDELVYLLDGPGYDPIHCDVVTRGGSRLFNF,2
RWNKPQKTKGHRGSH,1
KKKKLLLPFLFFV,2
AIPCGESCVWIPCISAAIGCSCKNKVCYR,1
AKKAAKKAKKAAKKAKKAAKK,4
WLVFFVIAYFAR,5
NRRPQDVKFPGGGQIVGGVYL,2
CPTPAIEPPTGTFGFFPG,1
APERASSVYTRSTGEQEI,1
SLHWPVSHPPPP,1
KKKKYRNIRRPG,7
KPPSKPNNDFHFEVFNFVPCSICSNNPTCWAICKRI,6
RMRGAHTNDVKQLTEAVQKI,1
TKRNTNRRPQDVKFPGGGQIVGGVYL,2
LEAIPCSIPPCVAFNKPFVF,1
TTPFTIRGPLGNQGRGNPVR,1
FALALKALKKALKKLKKALKKAL,0
QETAYFLLKLAGRWP,1
VDGIPVSWDADARAPA,1
LEAIPMSIPPEFLFGKPFVF,1
GYVYFEEYAYSHQLS,4
KNEWGCRCNDSSDGNEWGCRCNDSSD,5
PPFLSYLPAETDFPPPEARETPEPFSNPP,5
RQLLSGIVQQQNNLLRAIEAQQHLLQK,1
IIRILQQLLFIHFRI,1
KKKKVVLATYVLF,2
MGYIPLVGAPLGGAARAL,2
NITLNNSVALDPIDISIELNKAKSDLEESKEWIR,3
RRKKAAVALLPAVLLALL,5
TRHRHVPRFLPLRHV,2
GQLFTFSPRHHWTTQDCN,2
VLYNSTSFSTFKCYGVSATK,7
RRKKWLVFFVIFYFFR,5
VAADNVIVQNSMRIS,4
HVDKKVADKVLLLKQLRIMRLLTRL,1
GRFKRIRKKLKKLFKKIS,1
RYSTQVDPDLADQLI,1
FNMTKAVEMVNIAGNWSCTS,0
LEAIPCSIPPCFLFGKPFVF,1
WDRGNVTLLCDCPNGPWVWV,1
KGLSGPSIRWWLV,1
LEQIWNNMTWMEWDREINNYTSLIHSLIEESQNQQE,1
KFRRQRPRLSHKGPMPF,1
MSTNPKPQRKTKRNTNRRPQDVKFPGGGQIVGGVY,2
FLEENITALLEEAQIQQEKNMYELQKLNSWDVFGN,1
SNQGGSPLPRSV,1
GATVVQFEQPRRCPT,4
ARRAKRRARRAKRRARRKKRR,4
GLLSGILGAGKHIVCGLSGLR,1
FSVPLDEDFRKYTAFTIPSI,1
VDKPDYRPRPRPPNM,1
ASTTTNYT,1
ACWWAGIKQAF,1
KIALLSTNKAVVSLSNGVSVLTSKVLDLKNYID,6
YQDVNCTDVSTAIHADQLTP,7
WQCLTLTHRG,1
HCIYATTNDALIFSV,2
GYHLMSFPQAAPHGVVFLHVTW,7
SVSWGMKPSPRQ,2
QARQLLSQIVQQQNNLLRAIEAQQHLLQ,1
KFDSLVECIWDWIDRLWS,2
SGIVQQLNNQLRAEEANQHLEQLSVWGSKQNQARRLK,1
GWWYKGRARAVSAVA,5
KKKKFVAATYVLV,2
FRPALIVRTKGTRL,1
TTPKFTVAWDWVPKR,4
LVEAKQARSDIEKLKEAIRDTNKAVQSVQSSIGNL,3
KKKKLVLPFYFFF,2
YDPLVFPSDEFDASISQVNEKINQSLAFIRKSDEL,6
YQDVNCTDVPTAIHADQLTPIQEEIDRLNEVAKNLNESLI,7
KKKKVLLPFYFFF,2
SWLRDIWDWLCELLSDFK,2
DLEVVAATYV,2
ELNKAKSDLEESKEWIRRSNQKLDSIGNWHQSST,3
AGHNKVGSLQYLALA,1
MDGPKVKQWPLTEEKIKALV,1
INASVVNIQKEIDRLNEVAKNLNESLIDLQELGKYEQYIKWPW,7
SWLRDIWDWSCEVLSDFK,2
GIFDKLAKEISIW,1
LDKYFKNHTSPDVDLGDISGINASVVNIQKEIDRLNEVAK,7
KNKKPKNPTPPRPAG,4
VGSEVSDKRTCVSLTTQRLPVSRIKTYTITEGSLRAVIFITKRGLKVCADPQATWVRDVVRSMDRKSNTRNNMIQTKPTGTQQSTNTAVTLTG,1
MAGRSGDSDEELLKTVRLIKFLYQSNPPPS,1
WEAWVRWI,0
KKKKVVFATYVLV,2
TARLQLEARLQHLVAEILEREQSLALHALGYQLAFV,4
SWRLIDWDWICEVLSDFK,2
TGTFGFFPGVPPINNCMPLG,1
SVSVGTKPRPRP,2
NREILKEPVHGVYYDPSKDL,1
TWLATRGLLRSPGRYVYFSPSASTWPVGIWTTGELVLGCDAAL,4
KKKKVVAATYFFFA,2
GIPCGESCVFIPCITSVAGCSCKSKVCYRN,1
PPGTGEEPEQAGLPPPELLVEPDYMWSPP,5
AAPTGDPKPKKNKKP,4
PPLVVPVEESEIIFWDCWAPEE,0
YTSLIHSLIQESQNQQEKNEQELLELDKWASLWNWF,1
CLRKLRKRLLRC,2
NQTKDLQQKFYEIIMDIEQN,0
KTTSSIEFARLQFTY,4
FEPIPIHYCAFPGF,1
ECRSTSYAGAVVNDL,4
DDSVVSAAMSYSHA,2
QSPPAIPALGTNVKK,2
PDKWTVQPIVLPEKDSWTVN,1
KKKKLLLPFLVFF,2
YQDVNCTDVPTAIHADQLTP,7
KGATYITYVNFLNELRVKTKPEGNSHGIPSLRK,1
PSSKRFQPFQQFGRDVSDFT,7
KKKKVVAATYKKVA,2
PTTFMLKYDENGTITDAVDC,7
KKKKVVAATYFLVA,2
LLLGTEVSEALGGAGLTGG,1
SLKIPNLD,1
GAKTETLVIPETELEAC,1
KKKKVVAPTLVLV,2
SQGVVESMNKELPKIIGQVRDQAEHLKTAY,1
EEYAYSHQLSRADIT,4
YVSGKARGWFYRHHYESPHPRISSEVHIPLGDARLV,1
CEEIRARLSTHLRKMRKRLMRDADDLQKRLAVY,2
NVTLLCDCPNGPWVWVPAFC,1
KWCFRVCYRGICYRRCR,4
FAIAIKAIKKAIKKIKKAIKKAI,0
AVGIGAMFLGFLGAAGSTMGAAS,1
KGLSGPSEWWVWV,1
CSSHFPYSQYQFWK,1
KKKKVVAATYKKKK,2
LRSEYGGSFRFSSDA,4
CNSTKNLTFAMRSSGDYGEV,0
GVTQNVLYENQKQIANQFNKAISQIQESLTTTSTALGKLQ,7
SWLRDIWDWISEVLSDFK,2
NNAKKTNVTLSKKRKRR,6
TASFLLKLAGRW,1
DDHETDMELKPANAA,4
STLPETTVVRRRGRSPRRRT,2
EELRVRLASHLRKLRKRLLRDADDLQKRLAVY,2
ADVILMCFSIDSPDSLENI,6
TEYWQATWIPEWE,1
KKKKVVAAFYVLV,2
APEDIGFCLEGGCLVALG,1
ALGPAATLEEMMTACAAA,1
KKKKVGAATYVLV,2
DVMAVSTCVPVAADN,4
ACFPWGNQWCGGK,2
ESGRIKKEEFAEIMKICSTIEELRRQK,5
DQAEHLKTAVQMAVFIHNYKA,1
VKKRRHGDEDMFYMH,2
VALDPIDISIELNKAKSDLEESKEWIRR,3
YTSVITIELSNIKENKCNGTDAKVKLIKQELDKYK,6
IEEINKKVEEIQKKIEELNKKAEELNKKLEELQKK,7
PPDGCNRPQQSRKPPPRCLICLMVGLIHLNKIRIRAREIYES,5
CTEMEKEGKISKIGP,1
IRDTNKAVQSVQSSIGNLIVAIKSVQDYVNKEIVP,3
KKKKLVLATYVLV,2
DWHLGQGVSIEWRKK,1
KKKKLLAPFLVFF,2
GLLSGVLGVGKKVLCGLSGLC,1
TLKPIFKLPLGINITNFR,7
LGDARLVITTYWGLHT,1
VRLGRYLLRRLKTPFTRL,2
WVLNNPHMKDKTTVKEWR,2
PALNCYWPLNDYGFYTTTGI,7
GAIVSTALPQWRIYSYAG,2
GLLSVLGSVAKHVLPHVVPVIAEHL,1
IQAQPDKSESELVSQ,1
ADLEVVAATYVDVA,2
GAKALTEVIPLTEEAEC,1
DASISQVNEKINQSLAFIRKSDELLHNVNAGKSTT,6
TRSSRAGLQFPVGRVHRLLRK,1
WASRELERFAVNPGLLETSEGCRQIL,1
KKKKFVKKVAKKVKKVAKKVAKVAVAV,0
QGHLQEVDAGNFIPPPRW,1
IPQSLDSWWTSL,2
KVYLAWVPAHKGIGG,1
MDVNPTLLFLKVPAQNAIST,5
WEDAVRWI,0
VKFPGGGQIVGGVYLLPR,2
QIVGGVYLLPRRGPRLGV,2
FLYTAFAMQELGCNQNQFFC,0
GLLGLLGSVVSHVVPAIVGHF,1
KSLEQIWNNMTWMEWDREINNYTSLIHSLIEESQNQ,1
CLGVGSCNDFAGCGYAVVCFW,1
PAATLEEHMTA,1
SLSRFLSFLKIVYPPAF,1
RFPFHRCGAGPKLTKDLE,1
YTSLIHSLIEEFQNQQEKNEQELLELDKWASLWNWF,1
VALVEAKQARSDIEKLKEAIRDTNKAVQSVQSSIG,3
ADLEVVAATYVLVA,2
VDFLEENITALLEEAQIQQEKNMYELQKLNSWDVF,1
GLFGVLGSIAKHVLPHVVPVIAEKL,1
ATGQETAYFLLKLALKA,1
IAVVFKENIAPYKFK,4
ITLNNSVALDPIDISIELNKAKSDLEESKEWIRRS,3
KKKKVVAATYVLVK,2
INVKQIAARLLPPLYSLV,1
IKWEYVLLLFLL,2
GIGVAQNVLYENQKQIANQF,7
LQLEARLQHLVAEILER,4
KWLTEWIPLTAEC,1
PNITLNNSVALDPIDISIELNKAKSDLEESKEWI,3
LDPIDISIELNKAKSDLEESKEWIRRSNQKLDSI,3
AGVEAIIRILQQLLF,1
LQKWEDWVRWIGNIPQYLKG,0
QPSVQIQVYQGEREIAAHNK,1
AIRDTNKAVQSVQSSIGNLIVAIKSVQDYVNKEIV,3
SNASVWECCSTGSWVPFTCC,1
STQRRGRTGRGRRGIYR,2
TPLPTIRGDTGT,1
YTSLIHSLIEESQNQQEKNEQELLELDKWASLWNSF,1
LTTTSTALGKLQDVVNQNAQALNTLVKQLSSNFG,7
NCLLLGTEVSEALGGAGLT,1
KQRQNKPPSKPNNDFHFEVFNFVPCSICSNNPTCWAICKRI,6
SWLRDIWDWLCEVLSDFK,1
NNYTSLIHSLIEESQNQQEKNEQELLELDK,1
RNPVCPGYAWLSSGRPDGFI,1
NYTSLIHSLIEESQNQQEKNEQELLELDKWASLWNW,1
RMIYKNILFYLVPGPGHGAEPERRNIKYL,1
VFQFLGRIIHHVGNFVHGFSHVF,1
GIPCGESCVWIPCISAAIGCSCKSKVCYRN,1
VRRCSELMGRRNPVCPGYAW,1
NGESSADWAKN,5
WYQLEKEPIVGAETFYVDGA,1
LEGEVNKIALLSTNKAVVSLSNGVSVLTSKVLD,6
KKKKVLAPFLFFF,2
RRKKAAVA,5
GIKEFKREFQRIKDFLRNLV,1
AKKQRFRHRNRKG,6
TDVILMCFSIDSPDSLENA,6
SNNTIAIPTNFLISITTEVM,7
GLFSVLGAVAKHVLPHVVPVIAEK,1
AAYFLLKLAGRW,1
DKFNHEAED,7
TTWEAWDRAIAEYAARIEALIRALQELQEKNEAALREL,1
GSGPTYCWNEANNPGGPNRCSNNKQCDGARTCSSSGFCQGTSRKPDPGPKGPTYCWDEAKNPGGPNRCSNSKQCDGARTCSSSGFCQGTAGHAAA,1
WASLKIDNLDV,1
GHRRYFTFGGGYVYF,4
TDVILMCFSIDSPDALENI,6
GNQGRGNPVRSPLGFGSYTM,1
KQLTEAVQKITTESIVIWGK,1
GSVLNCGETCLLGTCYTTGCTCNKYRVCTKD,1
TTWEAWDRAIAEYAARIEALIRAAQEQQEKLEAVLREL,1
LEAIPMSIPPEVKFNKPFAF,1
LVVLLLFAGVDAETHVTG,2
WEDWARWI,0
YPYYPGEARGAP,4
IQKEIDRLNEVAKNLNESLIDLQELGK,7
ANVVATYPAHS,4
AEASQVTNTATIM,1
IWLTALKFLGKHAAKHLAKQQLSKL,1
AKLKVVAATYVLKK,2
FGGASCCLYCRCHIDHPNPKGFCDLKGKY,7
ILMCFSIDSPDSL,6
EALAKAAEALAKAAEALAKAAEALAKAAWASLWNWF,1
KKKKVVAATYVGV,2
VSPRCEYQAGHNKVG,1
SGIVQQQNNLLRAIEAQQHLLQLTVWGIKQLQARIL,1
RRGRTGRGRRGIYR,2
MDVNPHLLFLKVPAQ,5
KKKKVVAATYTLV,2
GLFTLIKGAAKLIGKTVPKKQARLGMNLWLVKLPTNVKT,1
ILMCFSIDSPDS,6
FLGFLKNLF,2
DITLNNSVALDPIDISIELNKAKSDLEESKEWIRRSNQKLDSIGN,3
QIWNNMTWMEWDREINNYTSLIHSLIEESQNQQEKN,1
PPSHRTTPASRSLPPLRVFVVLSFSGVHLNKIRIRAREIYES,5
PPGKQHTPTSFTHPPPADILLPLSAMIHLNKIRIRAREIYES,5
YTSLIHSLIEEHQNQQEKNEQELLELDKWASLWNWF,1
KKKKPVAATYVLV,2
GICRCICGRGICRCICGR,1
EFDASISQVNEKINQSLAFIRKSDELLHNVNAGKS,6
VCRSTAKYVRNNLET,4
GRPDGFIHVQGHLQEVDA,1
PPLAVMRPGIQILPPPGTDVHPK,5
THLEGKVILVAVHVASGYIE,1
TGAWIEFGCHRNKSNLHTEA,0
EVIDKINAKGVCRST,4
EEAAKKLEEAAKKLEEAAKKLEEAAKKLWASLWNWF,1
QYGSFCTQLNRALSGIAAEQ,7
AKDLEVVCSTYVLVEA,2
YTSLIHSLIEESQNQQEKNEQELLELDKWASLWNWF,1
WIHAEIKNSLKIDNLDVNRCIEALD,1
LYYFDCFSESAIRKA,1
WEEWDKKIEEYTKKIEELIKKSEEQQKN,1
WMEWDREINNYTSLIHSLIEESQNQQEK,1
FLFAFRIFKRVFKKFRKLFKRAF,0
GFCRCLCRRGVCRCICTR,1
GSATLCSALYVGDLCGSV,2
ALWMTLLKKVLKAAAKALNAVLVGANA,4
VTVLDVGDAYFSVPLDEDFR,1
LEAIPMSIPPEVKFNKAFVF,1
IKKTYEEIKKTYEEIKKTYEEIKKTYEEIERDWEMV,1
EVDEMLRSEYGGSFR,4
ACWWAAIKQEF,1
LLGTEVSEALGGAGLTGG,1
VANDPIDISIELNKAKSDLEESKEWIRRSNQKLDSD,3
GCVPCVREGNASRCWVAV,2
TSVITIELSNIKKIKCN,6
KTCENLADTFRGPCFATSNC,1
PALNCYWPLNDYGFYTTSGI,7
FYHSKRRLIFSKRKP,2
QHLLQLTVWGIKQLQARILAVERYLKDQ,1
KRWNETITGPSGCANNTCYN,0
KEGSNICLTRTDRGWYC,6
IINFYDPLVFPSDEFDASISQVNEKINQSLAFIRK,6
FSSDAISTTFTTNLT,4
GLWEKIDKFASII,1
IWLHSLGQHIYETYG,1
ISSEVHIPLGDARLV,1
LDKYFKNHTSPDVDLGDISGINASVVNIQKEIDRLNEVAKNLNESLIDLQELGKYE,7
KKKKLLLPFLFLV,2
TVAWDWVPKRPSVCT,4
LEEWYKKTEELQKKFEEIIKKIEENNKKVEEGLKK,0
KKKKVVAATYVAV,2
SLIEESQNQQEKNEQELLELDKWASLWNWFNITNWL,1
FIHFRIGCQHSRIGI,1
KKKKVVAATYKKKA,2
WMEWDREINNYTSLIHSLIEESQNQQEKNEQELLEL,1
SQVWFGHRYSQFMGI,4
SWLRDIWDWVCEVLSDFK,1
YQLAIRMIYKNI,1
KKLMSNNVQIVRQQSYS,6
MDVNPTLLFLKV,5
IDRLNEVAKNLNESLIDLQELGKYEQYIKWPW,7
SGSWLRDIWDWICEVLSDFK,2
AVSKVLHLEGEVNKIALLSTNKAVVSLSNGVSV,6
PTGERVWDRGNVTLLCDCPN,1
YQLLIAMIYKNI,1
MWKTPTLKYFGGFNFSQI,7
VPPLNNCLLLGTEVSEALGG,1
YQDVNCTDVSTAIHADQLTPQYGSFCTQLNRALSGIAAEQIQKEIDRLNEVAKNLNESLI,7
KKKKVVAATYALV,2
YTSLIHSLIEESQNQQEKNEQELLELDKWASLFNFF,1
ESTHPRISSEVHIPL,1
KGLSGPWCRWWLV,1
VRVLEDGVNYATGNLPGC,2
GTKALTEVAPLTEEAEC,1
AIKWEYVLLLFLL,2
PPLASMSPLPATDPPPLEGAHPELGVPPP,5
DPIDISIELNKAKSDLEESKEWIRRSNQKLDSIGN,3
DPKPKKNKKPKNPTP,4
SNIKENKCNGTDAKVKLIKQELDKYKNAVTELQLL,6
KKKKVVAATYVLT,2
KKKKVLLPFLFFV,2
TDVILMCASIDSPDSLENI,6
GIPCAESCVWIPCTVTALVGCSCSDKVCYN,1
IGNIPQYLKGLLGGILGIGL,0
VNKIALLSTNKAVVSLSNGVSVLTSKVLDLKNY,6
DFRRLPGAFWQLRQP,5
KGLSGPTVQWWVV,1
IDISIELNKAKSDLEESKEWIRRSNQKLDSIGNW,3
KVINPEPIVEPFMSKPFALF,1
GIPCGESCVWIPCISAALGCSCKNKVCYRN,1
SDEFDASISQVNEKINQSLAFIRKSDELLHNVNAG,6
DWLKAFYDKVAEKLKEAF,2
EEYTKKIEEYTKKIEEYTKKIEEYTKKIWASLWNWF,1
LEAIPCSIPPCFAFNKPFVF,1
EQVDKLVSAGIRKVLFLDGI,1
SRPGACYSRPLVSFR,4
WNSLKIDNLDA,1
MEQAPEDQGPQREPY,1
GFCRCLCRRGVCRCICTR,4
ANPDCKTILKALGPAATLEEMMTAC,1
SWLRDLWDWICELLSDFK,2
KQLLPIVNKQSCSISNI,6
KKKKVVAGTYVLV,2
GIWSDLAEIIKKF,1
QNQQEKNEQELLELDKWASLWNWFNITNWLWLIKIF,1
PPLNNCLLLGTEVSEALGGAGLTGG,1
CLGIGSCNDFAGCGYAVVCFW,1
AKLKVVAATYVKKK,2
GWLKKIESIIDAF,1
FKRIVQRIKDFLR,1
NNYTSLIHSLIEESQNQQEKNEQELLELDKWASLWN,1
KILEPFRKQNPDIVI,1
SIVYEAADAILHTPGCVP,2
GKKYRRFRWKFKFGKWFWFG,2
ISGINASVVNIQKEIDRLNEVAKNLNESLIDLQELGK,7
DPLVFPSDEFDASISQVNEKINQSLAFIRKSDELL,6
WQCLTLTHRGFVLLTITVLR,1
TTNLTEYPLSRVDLG,4
LEAIPMSAPPEVKFNKPFVF,1
GFLDIIEKIAKSW,1
GGTIFDCGETCFLGTCYTPGCSCGNYGFCYGTN,1
LSELDDRADALQAGASQFETSAAKLKRKYWWKN,1
GWIGAIVSTALPQWRIYS,2
HHHHHHYENQKQIANQFNKAISQIQESLTTTSTALGKLQDVVNQNAQALNTLVKQLSSNFGAISSV,7
QRKTKRNTNRRPQDVKFP,2
RINNIPWSEAMM,1
CICCCMCVLYAVLWWLSVLVSLCELLIRSEFELERSMNRRY,5
PSDEFDASISQVNEKINQSLAFIRKSDELLHNVNA,6
GVIPCGESCVFIPCISAAIGCSCKNKVCYRN,1
VSFAIKWEYVLL,2
AVGIGALFLGFLGAAGSTMGARSMTLTVQARQL,1
LLDCWVRLGRYLLRRLK,2
ALNCYWPLNDYGFYTTTGIGYQPYRVVVLSFEL,7
AGERIVDIIA,1
YTPNDITLNNSVALDPIDISIELNKAKSDLEESKE,3
LEAIAMSIPPEVKFNKPFVF,1
VYTDKVDISSQISSMNQSLQQSKDYIKEAQKILDTV,3
PAETGQET,1
VVNIQKEIDRLNEVAKNLNESLIDLQELGKYEQYIKWPW,7
WMEWDREIEELAKKAEELAKKAEELAKKAWASLWNWF,1
CFSIDSPDSLENI,6
ATAPTTRNLLTTPKF,4
VGQPQYYQANGGFLI,4
GIGTKILGGVKTALKGALKELASTYAN,1
EVSEALGGAGLTGGFYEP,1
SWLRDLWDWICELLSDFK,1
FIGAIARLLSKIF,1
WQVMIVWQVDRMRIR,1
EWDREINNYTSLIHSLIEESQNQQEKNEQE,1
WMEWDREIEEYTKKIEEYTKKIEEYTKKIEEYTKKI,1
KKKKVVAATYVKV,2
RGILIHNTIFGEQVF,4
FFIILLTIDRYLAVV,1
SIWRDWVDLICEFLSDWK,2
LRCRNEKKRHRAVRLIFTI,1
RRKKLPAVLLALLAP,5
MDVNPTLLFLKVPAQ,5
AKYVRNNLETTAFHR,4
WEYVLLLFLL,2
PFLWMGYELHPDKWTVQPIV,1
VRDQAEHLKT,1
TAYFLLKLAGRL,1
SIELNKAKSDLEESKEWIRRSNQKLDSIGNWHQS,3
EWRKKRYS,1
GTKALTEAIPLTEEAEC,1
GVFVFNGTSWFITQRNFFS,7
FWNWLSAWIKKTYEEIKKTYEEIKKTYEEIERDWEMV,1
PVPFEEVIDKINAKG,4
DVILMCFSIDSPDSLENI,6
RMKQIEDKIEEIESKQKKIENEIARIKKLIGERY,1
LFFLLTVPFWAHYA,1
ELSNIKENKCNGTDAKVKLIKQELDKYKNAVTELQ,6
RRKKAAVALLP,5
DFLEENITALLEEAQIQQEKNMYELQKLNSWDVFG,1
AEGIGALFLGFLGAAGSTMGARSMTLTVQARQL,1
YTSLIHSLIEESQNQQEKNEQELLEFDKWASLWNWF,1
GLFPKFNKKKVKTGIFDIIKTVGKEAGMDVLRTGIDVIGCKIKGEC,1
GLPTCGETCFGGTCNTPGCTCDPWPVCTHN,1
SVSVGMKPSPRP,1
FADIDTVIHADANAA,4
KKKKVVAALYVLV,2
KKKKVVAATLFLV,2
QNPDIVIYQYMDDLY,1
MTWMAWDRAIANYAALIHALIEAAQNQQEKNEAALLEL,1
EKLKEAIRDTNKAVQSVQSSIGNLIVAIKSVQDYV,3
LRVRLASHLRKLRKRLLRDADDLQKRLAVY,2
HVMLALATVLSIAGAGTGATAI,0
DGFIHVQGHLQEVDAGNF,1
GIGAVLKVLTTGLPALISWIKRKRQQ,1
NMTWMEWDREINNYTSLIHSLIEESQNQQEKNEQEL,1
SWLRRIWRWICKVLSRFK,2
KKKKLVLPFLFFF,2
TLNNSVALDPIDISIELNKAKSDLEESKEWIRRS,3
VRQLCKLLRGTKALTEVIPL,1
YTSLIHSLIEEDQNQQEKNEQELLELDKWASLWNWF,1
TDVIAMCFSIDSPDSLENI,6
TAYFLAKLAGRW,1
TWAGVEAIIRILQQL,1
RHHYESPHPRISSEV,1
QVDGFYARDLTTKAR,4
FEDRAPVPFEEVIDK,4
FCQAVGWGDPITHWSHGQNQ,1
LEAAPMSIPPEVKFNKPFVF,1
GELDELVYLLDGPGYDPIHSRQIKIWFQNRRMKWKK,2
GLPVCGETCVGGTCNTPGCTCSWPVCTRN,1
SLIHSLIEESQNQQEKNEQELLELDKWASLWNWFNI,1
NQNAQALNTLVKQLSSNFGAISSVLNDILSRLDKVEAEVQIDRLIT,7
MDVNPTLL,5
HWSHGQNQWPLSCPQYVYGS,1
TDVALMCFSIDSPDSLENI,6
QARSDIEKLKEAIRDTNKAVQSVQSSIGNLIVAIK,3
INASVVNIQKEIDRLNEVAKNLNESLIDL,7
PGIWQLDCTHLEGKI,1
PTKFMLKYDENGTITDAVDCIQEEIDRLNEVAKNLNESLI,7
GTACGESCYVLPCFTVGCTCTSSQCFKN,1
TTWEAWDRAIAEYAARIEALIRAAQEQQEKNEAILREL,1
YTSLIHSLIEEWQNQQEKNEQELLELDKWASLWNWF,1
YCKKCCYHCQ,1
GLLSVLGSVAKHVLPHVVPVIAEKL,1
DARDAMDRIFARRYN,4
YTSLIHSLIQQSQNQQQKNQQQLLQLDKWASLWNWF,1
GICRCICGRGICRCICGR,4
TCGFADLMGYIPLVGAPL,2
KGLSGPGGWWGFV,1
KGACDYPEWQWLCAA,1
ITTYWGLHTGERDWHL,1
KGLSGPFCSWWWV,1
GQPEEGAPCQVVLQGA,4
CYCRIPACIAGERRYGTCIYQGRLWAFCC,1
RRKKRRRRRR,1
AAANPGLLETSEGCRQIL,1
TAFHRDDHETDMELK,4
SMTDFYHSKRRLIFS,2
SGCANNTCYNVSVIVPDYQC,0
FHRCGAGPKLTKDLEAVP,1
DLSLDFEKLNVTLLDLTYEMNRIQDAIKKLNESYINLKE,7
KKKKLLLPTYFFF,2
GFSSIFRGVAKFASKGLGKDLARLGVNLVACKISKQC,1
EWDREINNYTSLIHSLIEESQNQQEKNEQELLELDK,1
PPVCETGPLHPPSPPPLVRISLILVFVHLNKIRIRAREIYES,5
AEAIPMSIPPEVKFNKPFVF,1
AGHATLREHLRDIKAENTDAN,4
TAYFLLALAGRW,1
HTGERDWHLGQGVSI,1
LLGFILAFLGWIGAIVST,2
GHRYSQFMGIFEDRA,4
GLFDIIKKIAESF,1
KKCCYHCQ,1
DISGINASVVNIQKEIDRLNEVAKNLNESLIDLQEL,7
GGAGLTGGFYEPLVRRC,1
PVDCTMYSNKMYNCSLQNGF,0
MNINPTLLFLKVPAQ,5
KKKKLVAATYVLF,2
PRPAGDNATVAAGHA,4
RARRSLLIASALCTSDVAAATNADLRTALARADHQKTLFWL,4
HSLIEESQNQQEKNEQELLELDKWASLWNWFNITNW,1
KRIVQRIKDFLRNLVPRTES,1
SLGQHIYETYGDTWA,1
RRRSRNLGKVIDTLTCGF,2
IVWQVDRM,1
TEVSEALGGAGLTGGFYEPL,1
QARQLLSGIVQQQNNLLRAIEAQQHLLQLTVWGIKQLQARILAVERYLKQQ,1
ANTAFVSSAHNTQKIPAGAPFNRNLRAMLADLRQNAAFAG,1
PFDYGLKWQSCSCRANGSRI,1
RPRLSHKGPMPF,1
AFLGWIGAIVSTALPQWR,2
CTRPNNNTRKSIRIQRGPGRAFVTIGKIGNMRQAHC,1
RGNVTLLCDCPNGPWVWVPA,1
VDGIPVAWDADARAPA,1
GTKAATEVIPLTC,1
KGIYQTSNFRVVPSGDVVRF,7
RRKKAVLLALLAP,5
WMEWDREINNYTSLIHSLIEESQNQQEKNEQELLELDKWASLWNWFNITNWLWYIK,1
LSSGRPDGFIHVQGHLQEVD,1
GNNRPVYIPQPRPPHPRI,1
NQIIEQLIKKEKVY,1
WMEWDREIEALAKAAEALAKAAEALAKAAWASLWNWF,1
AGDNATVAAGHATLREHLRDIKAENTDAN,4
PLNNCLLLGTEVSEALGGAGLTGG,1
MDVNPTFLFLKVPAQ,5
MDVNPTLLFLKVPA,5
DASISQVNEKINQSLAFIRKSDELLHNVNAGKSIT,6
CVRLASHLRKLRKRLLRDADDLQKRLAVY,2
GKARGWFY,1
MPRRRRIRRRQK,4
ANGSRIPTGERVWDRGNVTL,1
SSVITSLGAIVSCYGKT,6
IDRLITGRLQSLQTYVTQQLIRAAEIRASANLAATK,7
EQSRKPPNPTPPPPG,4
FFHHIFRGIVHVGKTIHRLVTG,1
KCPTPAIEPPTGTFGFFPGV,1
DPTARLQLEARLQHLVAEILEREQSLALHA,4
FCLEGGCLVALGCTICTD,1
LTLWNEARKLNPNAI,4
MASTGLELLGMTLAVLGW,2
INFYDPLVFPSDEFDASISQVNEKINQSLAFIRKS,6
LEAIPMCIPPECAFNKPFVF,1
TAAGDARANAVAKAGLHDLNIETDTERNH,4
SLIGGLVSAFK,5
VSFAIKWEYVLLL,2
QRRNQLHDLRFADID,4
VNPTLLFLKVPAQNAISTTFPYT,5
LEVYTRHEIKDSGLL,4
IVHVTAKDKGTGKENTIRIQEGSGLSKEDIDRMIKDAEAH,1
CLRVRLASHLRKLRKRLLRDADDL,2
RRCPTRPEGQNYTEG,4
GYHGGHGGHGGGYNGGGGHGGHGGGYNGGGHHGGGGHG,1
RRKKRRQRRR,1
KPVSLSYRCPCRFFESHVARANVKHLKILNTPNCALQIVARLKNNNRQVCIDPKLKWIQEYLEKALNK,1
YTPNITLNNSVALDPIDISIELNKAKSDLEESKE,3
SWLRDIWDWICEVLSDFK,1
CSIELSDIPLSVDFNTMID,6
ERKVDFLEENITALLEEAQIQQEKNMYELQKLNSW,1
LNNCLLLGTEVSEALGGA,1
AESTTPCSGSYLKA,2
TSDVAAATNADLRTALARADHQKTLFWL,4
SGIVQQQNNLLRAIEAQQHLLQLTVWGIKQLQAR,1
TDVILMCFAIDSPDSLENI,6
ATKALTEVIPLTEEAEC,1
PTTFMLKYDENGTITDAVDCYQDVNCTDVSTAIHADQLTP,7
CLLLGTEVSEALGGAGLTG,1
FLFPLITSFLSKVL,1
VDGIPVGWDADARAPA,1
YTSLIHSLIEESQNQQEKNEQQLLELDKWASLWNWF,1
KDSTKWRKLVDFRELNKRTQ,1
AQITAAVALVEAKQARSDIEKLKEAIRDTNKAVQS,3
GLMDTVKNVAKNLAGHMLDKLKCKITGC,1
GIINTLQKYYCRVRGGRCAVLSCLPKEEQIGKCSTRGRKCCRRKK,1
RGGSVVIVGRIILSGRK,2
LDSPKEELDKYFKNHTSPDVDLGDISGINASVVNIQKEIDRLNEVAKNLNESLIDLQELGKYE,7
KGLSGPRYVWWLV,1
IQESLTTTSTALGKLQDVVNQNAQALNTLVKQLSS,7
TDVSTAIHADQLTPAWRIYSTG,7
KQRNRWEWRPDFKSKKVKISLPC,0
RNTREVFAQVKQMYKTPTLKYFG,7
NGIGVTQNVLYENQKQIANQFNKAISQIQESLTTTSTA,7
TDAVDCSQNPLAELKCSVKSF,7
KRKRFAKKFLRFLRKVIRFLKRFIRRF,0
ASANASVERIKTTSS,4
QLLIRMIYKNILFYLVPGPGHGAEPERRNIKYL,1
IQAQPDQSESELVNQIIEQL,1
PDYLLVPEEVMEYKPRRKRAAI,0
KCQLKGEAMHGQVDC,1
QLLIRMIYKNI,1
WLVFFVRRKK,5
TKALTEVIPLTEEAELELAE,1
KKKKVVAATYVLL,2
LLGDFFRKSKEKIGKEFKRIVQRIKDFLRNLVPRTES,4
KELKKIIGQVRDQAEHLKTA,1
ILGPVLGLVSRTLRRVLGIL,1
QHSRIGITQQRRARN,1
YTSLIHSLIEENQNQQEKNEQELLELDKWASLWNWF,1
LWEWIMRQVRMVMSRLRA,2
SEPHLPFPVLPH,1
NHTTWMEWDREINNYTSLIHSLIEESQNQQEKNEQELLELDKW,1
VAVSKVLHLEGEVNKIALLSTNKAVVSLSNGVS,6
GLFKVLGSVAKHLLPHVAPVIAEK,1
GLTGGFYEPLVRRCSELMGR,1
PPVYTKDVDISSQISSMNQSLQQSKDYIKEAQKILDTVNPSL,3
KKKKVVAFTYVLV,2
ILGPVLGLVSDTLDDVLGIL,1
SWLRDIWDWECEVLSDFK,1
VGLLLYCKARSTPVTLS,6
REHLREQSRKPPNPT,4
REINNYTSLIHSLIEESQNQQEKNEQELLELDKWAS,1
FKVKAKVKAKVKAKVKAKKKK,0
DDDEVVAATYVA,2
LEAIPCSIPPCVFFGKPFVF,1
CTLCRVVDCCLYAIVFVMVRVVVLCVNKIRIRAREIYES,5
ACWWAGIKQEF,1
YTSLIHSLIEEPQNQQEKNEQELLELDKWASLWNWF,1
RLGVRATRKTSERSQPRG,2
IKKEIEAIKKEQEAIKKKIEAIEKEISGIVQQQNNLLRAIEAQQHLLQLTVWGIKQLQARIL,1
QIQDPEIPKCGWWNQMAYYN,0
VALDPIDISIELNKAKSDLEESKEWIRRSNQKLDSI,3
GSRIPTGERVWDRGNVTLLC,1
CLGIGSCNDFAGCGYAIVCFW,1
IRILQQLLFIHFRIG,1
TDVILMCFSIDSPASLENI,6
IKKEKVYLAWVPAHKGIGN,1
ATSAQITAAVALVEAKQARSDIEKLKEAIRDTNKA,3
SWLRDIWDWKCEVLSDFK,1
GGASCCLYCRCH,7
MDVNPTLLFLKVPAQNAISTTFPYT,5
DGSWSTVSSGADTED,2
AEAMSQVTN,1
YTSLIHSLIEESQNQQEKNEQELLELDKWASLANWF,1
KKKKLVAAFYVLV,2
KWKLFKKIEKVGQNIRDGIIKAGPAVAVVGQATQIAK,4
WHSQRLSPVPPA,1
YENQKQIANQFNKAISQIQESLTTTSTA,7
LNNSVALDPIDISIELNKAKSDLEESKEWIRRSN,3
WLVFFVIFYFFR,5
TVSSGADTEDVVC,2
MRSSGDYGEVTGAWIEFGCH,0
ELDSPKEELDKYFKNHTSPDVDLGDISGINASVVNIQKEIDRLNEVAKNLNESLIDLQELGKYE,7
GRLQSLQTYVTQQLIRAAEIRASANLAATKMSEC,7
CACIADHSH,5
SMEKLAGFGAVGAGATAEETRRMLHRAFDTLA,4
WNSLKIDNLDV,1
APTSPGTPGVAAATQ,4
KDVTVSQVWFGHRYS,4
SYSMEHFRWGKPV,1
DEMEECASHLPYK,2
WVAVTPTVATRDGKLPTT,2
NEVAKNLNESLIDLQELGKYEQYIKWPWYVW,7
GIGDPVTCLKSGAICHPVFCPRRYKQIGTCGLPGTKCCKKP,1
PIDISIELNKAKSDLEESKEWIRRSNQKLDSIGN,3
RHEIKDSGLLDYTEV,4
TDVILMCFSADSPDSLENI,6
NNSVALDPIDISIELNKAKSDLEESKEWIRRSNQ,3
RRKKIFYFFR,5
AGDDQGLDKCVPNSKEK,5
CSCRANGSRIPTGERVWDRG,1
DNATVAAGHATLREH,4
YTSLIHSLIEESQNQQEKNQQELLQLDKWASLWNWF,1
NHTTWMEWDREINNYTSLIHSLIEESQNQQEKNEQELLELDKWASLWNWFNIKIL,1
ELDSFKEELDKYFKNHTSPDVDLGDISGINASVVNIQKEIDRLNEVAKNLNESLIDLQEL,7
LCDCPNGPWVWVPAFCQAVG,1
KKKKVAAATYVLV,2
LVQPRGPRSGPGPWQGGRRKFRRQRPRLSHKGPMPF,1
FKCRRWQWRMKKLGAPSITCVRRAF,4
YTSLIHSLIEEYQNQQEKNEQELLELDKWASLWNWF,1
MTLTVQARQLLSQIVQQQNNLLRAIEAQ,1
WMEWDREINNYTSLIHSLIEESQNQQEKNEQELLE,1
GRKKRRRRRR,1
IEKLKEAIRDTNKAVQSVQSSIGNLIVAIKSVQDY,3
SWGPTDPRRRSRNLGKVI,2
GWAGWLLSPRGSRPS,2
IVIYQYMDDLYVGSD,1
GTKALTEVIPATEEAEC,1
QVDPDLADQLIHLYY,1
AANGGPATPAPPPLG,4
RQRVEELSKFSKKGAAARRRK,1
SFAIKWEYVLLLFLL,2
AHWGVLAGIKYFSMVGNW,2
WMEWDREINNYTSLIHSLIEEPQNQQEKNEQELL,1
IAWCELQNHELTLWN,4
KKKKVVAPTYFLV,2
SWLRDIWDWIREVLSDFK,2
YTSLIHSLIEEKQNQQEKNEQELLELDKWASLWNWF,1
CSRCLELALCLDPAN,5
NDITLNNSVALDPIDISIELNKAKSDLEESKEWIR,3
NNCLLLGTEVSEALGGAG,1
AAWWAGIKQEF,1
WKGPAKLLWK,1
LNKAKSDLEESKEWIRRSNQKLDSIGNWHQSSTT,3
ARRAKRRARRAARRARRKARR,4
KKKKVKAATYVLV,2
SIGAKILGGVKTFFKGALKELASTYLQ,1
SGIVQQQNNLLRAIEAQQHLLQLTVWGIKQCCGR,1
LEAIPMSIPPEVAFNKPFVF,1
FTFGGGYVYFEEYAY,4
QYGSFCAQLNRALSGIAVEQIQEEIDRLNEVAKNLNESLI,7
SWLRDIWDWICEVLSD,2
DDSVVAAMSYSYA,2
GGFLIAYQPLLSNTL,4
MNINPTLLFLKVPIQ,5
PEDQGPQREPYNEWT,1
MANAGLQLLGFILAFLGW,2
GTKALAEVIPLTEEAEC,1
PTKFMLKYDENGTITDAVDCYQDVNCTDVPTAIHADQLTP,7
FPSDEFDASISQVNEKINQSLAFIRKSDELLHNVN,6
RRLQVGGGTLKFFLT,4
PLNNCLLLGTEVSEALGG,1
KYKETDLLILFKDDYFAKKNEERK,2
GIWDTIKSMGKVFAGKILQNL,1
FLPVLAGIAAKVVPALFCKITKKC,4
KKKKLLLPFLFFF,2
WMEWEREIDNYTSEIYTLIEESQNQQEKNEQELL,1
GTKWLTEWIPLTAEAEC,1
NRRPQDVKFPGGGQIVGGV,2
SLEQIWNNMTWMEWDREINNYTSLIHSLIEESQNQQ,1
KKKKVVAATYVPV,2
ADLEVVAATYVLDA,2
FAVNPGLLETSEGCRQIL,1
LVSFRYEDQGPLVEG,4
GIGDPVTCLKSGAIA,1
LNNCLLLGTEVSEALGGAGLTGG,1
PKDGPSPGGTLMDLSERQEVSSVRSLSST,1
CTLNFPISPIETVPVKLKPG,1
GELGRLVYLLDGPGYDPI,2
ILMCFSIDSPD,6
KKKKVVAATYVTV,2
YQLLIRPIYKNI,1
LHDLRFADIDTVIHA,4
LFGLIPSLIGGLVSAFK,1
VDGIPVEWDADARAPA,1
QYGSFCTQLNRALSGIAAEQIQKEIDRLNEVAKNLNESLI,7
WVWVPAFCQAVGWGDPITHW,1
IFWDCWAPEEPACQDFLGAMIH,0
CANLLLQYGSFCTQLNRALSGIA,7
KEAIRDTNKAVQSVQSSIGNLIVAIKSVQDYVNKE,3
KKKKVVAATLVFV,2
PTTFMLKYDENGTITDAVDCQYGSFCTQLNRALSGIAAEQIQKEIDRLNEVAKNLNESLI,7
MANAGLQLLGFILAFLGWIG,2
EINCTRPNNNTRKSIHIGPGRAFYTTGEIIGDIRQAHCNIS,1
FKNHTSPDVDLGDISGINASVVNIQKEIDRLNEVAKNLNESLIDLQELGKYE,7
SWLRDIWDWGCEVLSDFK,2
TAYALLKLAGRW,1
FDEMEESSSHLPYI,2
ADKEVVAATYVKKK,2
KGSVVIVGRIILSGRK,2
RTQRRGRTGRGKPGIYR,2
LVTLEHQVLVIGLKVEAMEK,0
VATSAQITAAVALVEAKQARSDIEKLKEAIRDTNK,3
GLFGILGSVAKHVLPHVIPVVAEHL,1
AIFQSSMTKILEPFR,1
IELSNIKENKCNGTDAKVKLIKQELDKYKNAVTEL,6
RRWCFRVCYRGFCYRKCR,1
SDRDTVVELSEWGVPCAT,1
GKPRPYSPRPTSHPRPIRV,1
VGALAVVVWLWLWLW,1
GIGKFLHSAKKFGKAFVGEIMNS,4
GLRRLLGRLLRRLGRLLLR,1
WNSAKIDNLDV,1
GLKKLLGKLLKKLGKLLLK,1
TPNDITLNNSVALDPIDISIELNKAKSDLEESKEW,3
SWLRDVWDWVCTILTDFK,2
RGGRLCYCRRRFCVCVGR,1
LEAIPMSIPPEVFFNKPFVF,1
CATCEQIADSQHRSHRQ,5
EWRKKRYSTQV,1
KISKIGPENPYNTPVFAIKK,1
RIGRNPSQVGD,2
ALGAAATLEEMMTACQGV,1
GLLHLHQNIVDVQYM,2
ALGVATSAQITAAVALVEAKQARSDIEKLKEAIRD,3
ELLEELKNEAVRHFP,1
HFPRIWLHSLGQHIY,1
WNSLKIANLDV,1
VSQIIEQLIKKEKVY,1
KPNNDFHFEVFNFVPCSICSNNPTCWAICKRI,6
TSSMRGVYYPDEIFRSDTLYL,7
YEDQGPLVEGQLGEN,4
ADLEVVAATHVLVA,2
RFRIRCRWNVGSDTSLIDTC,0
TRDAIEPCTVGHRRY,4
GLFDIIKKIAESW,1
PKEELDKYFKNHTSPDVDLGDISGINASVVNIQKEIDRLNEVAKNLNESLIDLQELGKYE,7
KWLCRIWSWISDVLDDFE,2
TGALKINNLRLVTLEHQVLV,0
KKKKLVLAFLFFF,2
GTKALTEVIPLTEAAEC,1
HTTYAADRFKQVDGF,4
AKLEVVAATYVKKK,2
SWLRDIWDWICELLSDFK,1
SHQLSRADITTVSTF,4
VESMNEELKKIIAQVRAQAEHLKTAY,1
EWRKKRYSTQW,1
KKKKLLLPFYFFV,2
ADRFKQVDGFYARDL,4
TKFPSVYAWERKKISNCVAD,7
EESQNQQEKNEQELLELDKWASLWNWFNITNWLWLI,1
VCSCRLVFCRRTELRVGNCLIGGVSFTYCCTRV,1
KKKKLVLPFLLFF,2
YNVLPQGWKGSPAIFQSSMT,1
QLGENNELRLTRDAI,4
DDSVVAAMSYSHA,2
KGEAMHGQVDCSPGIWQLDC,1
SWLRDLWDWICEVLSDFK,2
GLRSRIWLWVLLMIWQESNRFKRM,1
KGACELLGWEWAWLCAA,1
MMNWSPTAALVVAQLLRI,2
ACAWAGIKQEF,1
KGLSGPCGWWVWSRGSGK,1
PTTFMLKYDENGTITDAVDCIQKEIDRLNEVAKNLNESLI,7
CWVRLGRYLLRRLKTPFTRL,2
ATWVCGPCT,2
MANAGLQLLGFILA,2
KLKEAIRDTNKAVQSVQSSIGNLIVAIKSVQDYVN,3
EPCTVGHRRYFTFGG,4
GIKYFSMVGNWAKVLVVL,2
MHGQVDCSPGIWQLD,1
IRKAHCNISRADWND,1
KENIAPYKFKATMYY,4
GEVNKIALLSTNKAVVSLSNGVSVLTSKVLDLK,6
IMDMIAGAHWGVLAGIKY,2
SWLRDIWDWACEVLSDFK,2
GLRSKIWLWVLLMIWQESNKFKKM,1
WVPAFCQAVGWGDPITHWSH,1
YQLLIRMI,1
RDVSDITDSVRDPKTSEILD,7
ARRYNATHIKVGQPQ,4
LQFTYNHIQRHVNDM,4
TPNITLNNSVALDPIDISIELNKAKSDLEESKEW,3
YEPLVRRRSELMGRRNPV,1
KPPSKPNNDFHFEVFNF,6
ACYCRIPACIAGERRYGTCIYQGRLWAFCC,1
ANFYVCPPPTGATVV,4
TAYFLLKLAGRW,1
MDVNPTLLFL,5
AVASVPRARGKYWWG,5
KKKKVVEATYVLV,2
GSHTEHTTYAADRFK,4
LGRVAIAWCELQNHE,4
SNNTIAIPTNFSISITTEVM,7
RVWDRGNVTLLCDCPNGPWV,1
INAKGVCRSTAKYVR,4
IFKAIWSGIKSLF,2
KIPLELWTRYNMTINQTIWN,0
VDLGDISGINASVVNIQKEIDRLNEVAKNLNESLIDLQELGKYE,7
KKKMVLGVFALLSLISGSLKK,1
ATMYYKDVTVSQVWF,4
AELYVREHLREQSRK,4
GGSFRFSSDAISTTF,4
KKRKRRFLGFLLGVGSA,6
TRQCRRGRIWKRWNETITGP,0
NQKQIANQFNKAISQIQESLTTTSTALGKLQDVVNQNAQALNTLVKQLSSNFGAISSVLNDILSRLDKVEAEVQIDRLIT,7
KKKKVVAATYVFF,2
DISIELNKAKSDLEESKEWIRRSNQKLDSIGNWH,3
TTWEAWDRAIAEYAARIEALIRAAQELQEKLEAALREL,1
VDARSVYPYDEFVLA,4
IGITQQRRARNGASR,1
RRKKLLAP,5
GGKMLYNKVTKQLSYCTDPL,0
ATHQEAIEKVTGALKINNLR,0
ENREILKEPVHGVYY,6
TWLRAIWDWVCTALTDFK,2
TIELSNIKENKCNGTDAKVKLIKQELDKYKNAVTE,6
YQDVNCTDVPTAIHADQLTPQYGSFCAQLNRALSGIAVEQ,7
AAAPAATLEEHMTACQGV,1
KKKKLLAPFLFFF,2
LKTVRLIKFLY,1
GICRCICGRRICRCICGR,4
GEETLKKWEEQTKKLEEKFKKIEENIKKNEEQVKKGEEQLKK,0
NKIALLSTNKAVVSLSNGVSVLTSKVLDLKNYI,6
RVDLGDCIGKDARDA,4
RIQRGPGRAFVTIGK,1
YENQKQIANQFNKAISQIQESLTTTSTALGKLQDVVNQNAQALNTLVKQLSSNFGAISSV,7
IWNNMTWMEWDREINNYTSLIHSLIEESQNQQEKNE,1
KKKKVLAATYVLV,2
INNYTSLIHSLIEESQNQQEKNEQELLELDKWASL,1
LSCPQYVYGSVSVTCVWGSV,1
LEAIPMSIPPEVKANKPFVF,1
GWWYKGRARPVSAVA,5
GELGRPVYVLGDPGYYATHCIYATTNDALIFSV,2
KKKKVVAATYKLKA,2
YTSLIHSLIEEQQNQQEKNEQELLELDKWASLWNWF,1
ALDPIDISIELNKAKSDLEESKEWIRRSNQKLDS,3
QLQKWEDWVRWI,0
LEAIPMSIPPEVKFNKPAVF,1
TLLVYSGW,1
WMEWDREIEEAAKKLEEAAKKLEEAAKKLWASLWNWF,1
GPWVWVPAFCQAVGWGDPIT,1
FLRQNLAF,1
SWLDRIWRWICKVLSRFE,2
KGLSGPAVPWWVV,1
IELNKAKSDLEESKEWIRRSNQKLDSIGNWHQSS,3
SPYPMALFPLHN,1
LNNSVALDPIDISIELNKAKSDLEESKEWIRRSNQ,3
